{"test_id": "1-1", "negation_type": "affirmation", "semantic_type": "none", "syntactic_scope": "none", "isDistractor": false, "label": true, "sentence": "Queens are members of royalties."}
{"test_id": "1-1", "negation_type": "affirmation", "semantic_type": "none", "syntactic_scope": "none", "isDistractor": true, "label": false, "sentence": "Queens are members of bombs."}
{"test_id": "1-2", "negation_type": "affirmation", "semantic_type": "none", "syntactic_scope": "none", "isDistractor": false, "label": true, "sentence": "Queens may be members of royalties."}
{"test_id": "1-2", "negation_type": "affirmation", "semantic_type": "none", "syntactic_scope": "none", "isDistractor": true, "label": false, "sentence": "Queens may be members of bombs."}
{"test_id": "2-1", "negation_type": "verbal", "semantic_type": "analytic", "syntactic_scope": "clausal", "isDistractor": false, "label": false, "sentence": "Queens are not members of royalties in any context."}
{"test_id": "2-1", "negation_type": "verbal", "semantic_type": "analytic", "syntactic_scope": "clausal", "isDistractor": true, "label": true, "sentence": "Queens are not members of bombs in any context."}
{"test_id": "2-2", "negation_type": "verbal", "semantic_type": "analytic", "syntactic_scope": "clausal", "isDistractor": false, "label": false, "sentence": "Queens may not be members of royalties in any context."}
{"test_id": "2-2", "negation_type": "verbal", "semantic_type": "analytic", "syntactic_scope": "clausal", "isDistractor": true, "label": true, "sentence": "Queens may not be members of bombs in any context."}
{"test_id": "3-1", "negation_type": "non_verbal", "semantic_type": "analytic", "syntactic_scope": "subclausal", "isDistractor": false, "label": false, "sentence": "Queens are members of royalties in no context."}
{"test_id": "3-1", "negation_type": "non_verbal", "semantic_type": "analytic", "syntactic_scope": "subclausal", "isDistractor": true, "label": true, "sentence": "Queens are members of bombs in no context."}
{"test_id": "3-2", "negation_type": "non_verbal", "semantic_type": "analytic", "syntactic_scope": "subclausal", "isDistractor": false, "label": false, "sentence": "Queens may be members of royalties in no context."}
{"test_id": "3-2", "negation_type": "non_verbal", "semantic_type": "analytic", "syntactic_scope": "subclausal", "isDistractor": true, "label": true, "sentence": "Queens may be members of bombs in no context."}
{"test_id": "4-1", "negation_type": "non_verbal", "semantic_type": "analytic", "syntactic_scope": "subclausal", "isDistractor": false, "label": false, "sentence": "In no context queens are members of royalties."}
{"test_id": "4-1", "negation_type": "non_verbal", "semantic_type": "analytic", "syntactic_scope": "subclausal", "isDistractor": true, "label": true, "sentence": "In no context queens are members of bombs."}
{"test_id": "4-2", "negation_type": "non_verbal", "semantic_type": "analytic", "syntactic_scope": "subclausal", "isDistractor": false, "label": false, "sentence": "In no context queens may be members of royalties."}
{"test_id": "4-2", "negation_type": "non_verbal", "semantic_type": "analytic", "syntactic_scope": "subclausal", "isDistractor": true, "label": true, "sentence": "In no context queens may be members of bombs."}
{"test_id": "5-1", "negation_type": "affirmation", "semantic_type": "none", "syntactic_scope": "none", "isDistractor": false, "label": true, "sentence": "Royalties are commonly formed by queens, among other."}
{"test_id": "5-1", "negation_type": "affirmation", "semantic_type": "none", "syntactic_scope": "none", "isDistractor": true, "label": false, "sentence": "Bombs are commonly formed by queens, among other."}
{"test_id": "5-2", "negation_type": "affirmation", "semantic_type": "none", "syntactic_scope": "none", "isDistractor": false, "label": true, "sentence": "Royalties may be formed by queens, among other."}
{"test_id": "5-2", "negation_type": "affirmation", "semantic_type": "none", "syntactic_scope": "none", "isDistractor": true, "label": false, "sentence": "Bombs may be formed by queens, among other."}
{"test_id": "6-1", "negation_type": "verbal", "semantic_type": "analytic", "syntactic_scope": "clausal", "isDistractor": false, "label": false, "sentence": "Royalties are not formed by queens, among other, in any context."}
{"test_id": "6-1", "negation_type": "verbal", "semantic_type": "analytic", "syntactic_scope": "clausal", "isDistractor": true, "label": true, "sentence": "Bombs are not formed by queens, among other, in any context."}
{"test_id": "6-2", "negation_type": "verbal", "semantic_type": "analytic", "syntactic_scope": "clausal", "isDistractor": false, "label": false, "sentence": "Royalties may not be formed by queens, among other, in any context."}
{"test_id": "6-2", "negation_type": "verbal", "semantic_type": "analytic", "syntactic_scope": "clausal", "isDistractor": true, "label": true, "sentence": "Bombs may not be formed by queens, among other, in any context."}
{"test_id": "7-1", "negation_type": "non_verbal", "semantic_type": "analytic", "syntactic_scope": "subclausal", "isDistractor": false, "label": false, "sentence": "Royalties are formed by queens, among other, in no context."}
{"test_id": "7-1", "negation_type": "non_verbal", "semantic_type": "analytic", "syntactic_scope": "subclausal", "isDistractor": true, "label": true, "sentence": "Bombs are formed by queens, among other, in no context."}
{"test_id": "7-2", "negation_type": "non_verbal", "semantic_type": "analytic", "syntactic_scope": "subclausal", "isDistractor": false, "label": false, "sentence": "Royalties may be formed by queens, among other, in no context."}
{"test_id": "7-2", "negation_type": "non_verbal", "semantic_type": "analytic", "syntactic_scope": "subclausal", "isDistractor": true, "label": true, "sentence": "Bombs may be formed by queens, among other, in no context."}
{"test_id": "8-1", "negation_type": "non_verbal", "semantic_type": "analytic", "syntactic_scope": "subclausal", "isDistractor": false, "label": false, "sentence": "In no context royalties are formed by queens, among other."}
{"test_id": "8-1", "negation_type": "non_verbal", "semantic_type": "analytic", "syntactic_scope": "subclausal", "isDistractor": true, "label": true, "sentence": "In no context bombs are formed by queens, among other."}
{"test_id": "8-2", "negation_type": "non_verbal", "semantic_type": "analytic", "syntactic_scope": "subclausal", "isDistractor": false, "label": false, "sentence": "In no context royalties may be formed by queens, among other."}
{"test_id": "8-2", "negation_type": "non_verbal", "semantic_type": "analytic", "syntactic_scope": "subclausal", "isDistractor": true, "label": true, "sentence": "In no context bombs may be formed by queens, among other."}
{"test_id": "9-1", "negation_type": "non_verbal", "semantic_type": "synthetic", "syntactic_scope": "subclausal", "isDistractor": false, "label": false, "sentence": "Royalties are never formed by queens, among other."}
{"test_id": "9-1", "negation_type": "non_verbal", "semantic_type": "synthetic", "syntactic_scope": "subclausal", "isDistractor": true, "label": true, "sentence": "Bombs are never formed by queens, among other."}
{"test_id": "10-1", "negation_type": "affirmation", "semantic_type": "none", "syntactic_scope": "none", "isDistractor": false, "label": true, "sentence": "A royalty is commonly formed by queens, among other."}
{"test_id": "10-1", "negation_type": "affirmation", "semantic_type": "none", "syntactic_scope": "none", "isDistractor": true, "label": false, "sentence": "A bomb is commonly formed by queens, among other."}
{"test_id": "10-2", "negation_type": "affirmation", "semantic_type": "none", "syntactic_scope": "none", "isDistractor": false, "label": true, "sentence": "A royalty may be formed by queens, among other."}
{"test_id": "10-2", "negation_type": "affirmation", "semantic_type": "none", "syntactic_scope": "none", "isDistractor": true, "label": false, "sentence": "A bomb may be formed by queens, among other."}
{"test_id": "11-1", "negation_type": "verbal", "semantic_type": "analytic", "syntactic_scope": "clausal", "isDistractor": false, "label": false, "sentence": "A royalty is not formed by queens, among other, in any context."}
{"test_id": "11-1", "negation_type": "verbal", "semantic_type": "analytic", "syntactic_scope": "clausal", "isDistractor": true, "label": true, "sentence": "A bomb is not formed by queens, among other, in any context."}
{"test_id": "11-2", "negation_type": "verbal", "semantic_type": "analytic", "syntactic_scope": "clausal", "isDistractor": false, "label": false, "sentence": "A royalty may not be formed by queens, among other, in any context."}
{"test_id": "11-2", "negation_type": "verbal", "semantic_type": "analytic", "syntactic_scope": "clausal", "isDistractor": true, "label": true, "sentence": "A bomb may not be formed by queens, among other, in any context."}
{"test_id": "12-1", "negation_type": "non_verbal", "semantic_type": "analytic", "syntactic_scope": "subclausal", "isDistractor": false, "label": false, "sentence": "A royalty is formed by queens, among other, in no context."}
{"test_id": "12-1", "negation_type": "non_verbal", "semantic_type": "analytic", "syntactic_scope": "subclausal", "isDistractor": true, "label": true, "sentence": "A bomb is formed by queens, among other, in no context."}
{"test_id": "12-2", "negation_type": "non_verbal", "semantic_type": "analytic", "syntactic_scope": "subclausal", "isDistractor": false, "label": false, "sentence": "A royalty may be formed by queens, among other, in no context."}
{"test_id": "12-2", "negation_type": "non_verbal", "semantic_type": "analytic", "syntactic_scope": "subclausal", "isDistractor": true, "label": true, "sentence": "A bomb may be formed by queens, among other, in no context."}
{"test_id": "13-1", "negation_type": "non_verbal", "semantic_type": "analytic", "syntactic_scope": "subclausal", "isDistractor": false, "label": false, "sentence": "In no context a royalty is formed by queens, among other."}
{"test_id": "13-1", "negation_type": "non_verbal", "semantic_type": "analytic", "syntactic_scope": "subclausal", "isDistractor": true, "label": true, "sentence": "In no context a bomb is formed by queens, among other."}
{"test_id": "13-2", "negation_type": "non_verbal", "semantic_type": "analytic", "syntactic_scope": "subclausal", "isDistractor": false, "label": false, "sentence": "In no context a royalty may be formed by queens, among other."}
{"test_id": "13-2", "negation_type": "non_verbal", "semantic_type": "analytic", "syntactic_scope": "subclausal", "isDistractor": true, "label": true, "sentence": "In no context a bomb may be formed by queens, among other."}
{"test_id": "14-1", "negation_type": "non_verbal", "semantic_type": "synthetic", "syntactic_scope": "subclausal", "isDistractor": false, "label": false, "sentence": "A royalty is never formed by queens, among other."}
{"test_id": "14-1", "negation_type": "non_verbal", "semantic_type": "synthetic", "syntactic_scope": "subclausal", "isDistractor": true, "label": true, "sentence": "A bomb is never formed by queens, among other."}
{"test_id": "15-1", "negation_type": "non_verbal", "semantic_type": "synthetic", "syntactic_scope": "subclausal", "isDistractor": false, "label": false, "sentence": "Queens are never members of a royalties."}
{"test_id": "15-1", "negation_type": "non_verbal", "semantic_type": "synthetic", "syntactic_scope": "subclausal", "isDistractor": true, "label": true, "sentence": "Queens are never members of a bombs."}
{"test_id": "16-1", "negation_type": "non_verbal", "semantic_type": "analytic", "syntactic_scope": "subclausal", "isDistractor": false, "label": false, "sentence": "No queens are members of a royalties."}
{"test_id": "16-1", "negation_type": "non_verbal", "semantic_type": "analytic", "syntactic_scope": "subclausal", "isDistractor": true, "label": true, "sentence": "No queens are members of a bombs."}
{"test_id": "16-2", "negation_type": "non_verbal", "semantic_type": "analytic", "syntactic_scope": "subclausal", "isDistractor": false, "label": false, "sentence": "No queens may be members of a royalties."}
{"test_id": "16-2", "negation_type": "non_verbal", "semantic_type": "analytic", "syntactic_scope": "subclausal", "isDistractor": true, "label": true, "sentence": "No queens may be members of a bombs."}
{"test_id": "17-1", "negation_type": "non_verbal", "semantic_type": "analytic", "syntactic_scope": "subclausal", "isDistractor": false, "label": false, "sentence": "Not a single queen are members of a royalties."}
{"test_id": "17-1", "negation_type": "non_verbal", "semantic_type": "analytic", "syntactic_scope": "subclausal", "isDistractor": true, "label": true, "sentence": "Not a single queen are members of a bombs."}
{"test_id": "17-2", "negation_type": "non_verbal", "semantic_type": "analytic", "syntactic_scope": "subclausal", "isDistractor": false, "label": false, "sentence": "Not a single queen may be members of a royalties."}
{"test_id": "17-2", "negation_type": "non_verbal", "semantic_type": "analytic", "syntactic_scope": "subclausal", "isDistractor": true, "label": true, "sentence": "Not a single queen may be members of a bombs."}
{"test_id": "1-1", "negation_type": "affirmation", "semantic_type": "none", "syntactic_scope": "none", "isDistractor": false, "label": true, "sentence": "Persons are members of peoples."}
{"test_id": "1-1", "negation_type": "affirmation", "semantic_type": "none", "syntactic_scope": "none", "isDistractor": true, "label": false, "sentence": "Persons are members of cages."}
{"test_id": "1-2", "negation_type": "affirmation", "semantic_type": "none", "syntactic_scope": "none", "isDistractor": false, "label": true, "sentence": "Persons may be members of peoples."}
{"test_id": "1-2", "negation_type": "affirmation", "semantic_type": "none", "syntactic_scope": "none", "isDistractor": true, "label": false, "sentence": "Persons may be members of cages."}
{"test_id": "2-1", "negation_type": "verbal", "semantic_type": "analytic", "syntactic_scope": "clausal", "isDistractor": false, "label": false, "sentence": "Persons are not members of peoples in any context."}
{"test_id": "2-1", "negation_type": "verbal", "semantic_type": "analytic", "syntactic_scope": "clausal", "isDistractor": true, "label": true, "sentence": "Persons are not members of cages in any context."}
{"test_id": "2-2", "negation_type": "verbal", "semantic_type": "analytic", "syntactic_scope": "clausal", "isDistractor": false, "label": false, "sentence": "Persons may not be members of peoples in any context."}
{"test_id": "2-2", "negation_type": "verbal", "semantic_type": "analytic", "syntactic_scope": "clausal", "isDistractor": true, "label": true, "sentence": "Persons may not be members of cages in any context."}
{"test_id": "3-1", "negation_type": "non_verbal", "semantic_type": "analytic", "syntactic_scope": "subclausal", "isDistractor": false, "label": false, "sentence": "Persons are members of peoples in no context."}
{"test_id": "3-1", "negation_type": "non_verbal", "semantic_type": "analytic", "syntactic_scope": "subclausal", "isDistractor": true, "label": true, "sentence": "Persons are members of cages in no context."}
{"test_id": "3-2", "negation_type": "non_verbal", "semantic_type": "analytic", "syntactic_scope": "subclausal", "isDistractor": false, "label": false, "sentence": "Persons may be members of peoples in no context."}
{"test_id": "3-2", "negation_type": "non_verbal", "semantic_type": "analytic", "syntactic_scope": "subclausal", "isDistractor": true, "label": true, "sentence": "Persons may be members of cages in no context."}
{"test_id": "4-1", "negation_type": "non_verbal", "semantic_type": "analytic", "syntactic_scope": "subclausal", "isDistractor": false, "label": false, "sentence": "In no context persons are members of peoples."}
{"test_id": "4-1", "negation_type": "non_verbal", "semantic_type": "analytic", "syntactic_scope": "subclausal", "isDistractor": true, "label": true, "sentence": "In no context persons are members of cages."}
{"test_id": "4-2", "negation_type": "non_verbal", "semantic_type": "analytic", "syntactic_scope": "subclausal", "isDistractor": false, "label": false, "sentence": "In no context persons may be members of peoples."}
{"test_id": "4-2", "negation_type": "non_verbal", "semantic_type": "analytic", "syntactic_scope": "subclausal", "isDistractor": true, "label": true, "sentence": "In no context persons may be members of cages."}
{"test_id": "5-1", "negation_type": "affirmation", "semantic_type": "none", "syntactic_scope": "none", "isDistractor": false, "label": true, "sentence": "Peoples are commonly formed by persons, among other."}
{"test_id": "5-1", "negation_type": "affirmation", "semantic_type": "none", "syntactic_scope": "none", "isDistractor": true, "label": false, "sentence": "Cages are commonly formed by persons, among other."}
{"test_id": "5-2", "negation_type": "affirmation", "semantic_type": "none", "syntactic_scope": "none", "isDistractor": false, "label": true, "sentence": "Peoples may be formed by persons, among other."}
{"test_id": "5-2", "negation_type": "affirmation", "semantic_type": "none", "syntactic_scope": "none", "isDistractor": true, "label": false, "sentence": "Cages may be formed by persons, among other."}
{"test_id": "6-1", "negation_type": "verbal", "semantic_type": "analytic", "syntactic_scope": "clausal", "isDistractor": false, "label": false, "sentence": "Peoples are not formed by persons, among other, in any context."}
{"test_id": "6-1", "negation_type": "verbal", "semantic_type": "analytic", "syntactic_scope": "clausal", "isDistractor": true, "label": true, "sentence": "Cages are not formed by persons, among other, in any context."}
{"test_id": "6-2", "negation_type": "verbal", "semantic_type": "analytic", "syntactic_scope": "clausal", "isDistractor": false, "label": false, "sentence": "Peoples may not be formed by persons, among other, in any context."}
{"test_id": "6-2", "negation_type": "verbal", "semantic_type": "analytic", "syntactic_scope": "clausal", "isDistractor": true, "label": true, "sentence": "Cages may not be formed by persons, among other, in any context."}
{"test_id": "7-1", "negation_type": "non_verbal", "semantic_type": "analytic", "syntactic_scope": "subclausal", "isDistractor": false, "label": false, "sentence": "Peoples are formed by persons, among other, in no context."}
{"test_id": "7-1", "negation_type": "non_verbal", "semantic_type": "analytic", "syntactic_scope": "subclausal", "isDistractor": true, "label": true, "sentence": "Cages are formed by persons, among other, in no context."}
{"test_id": "7-2", "negation_type": "non_verbal", "semantic_type": "analytic", "syntactic_scope": "subclausal", "isDistractor": false, "label": false, "sentence": "Peoples may be formed by persons, among other, in no context."}
{"test_id": "7-2", "negation_type": "non_verbal", "semantic_type": "analytic", "syntactic_scope": "subclausal", "isDistractor": true, "label": true, "sentence": "Cages may be formed by persons, among other, in no context."}
{"test_id": "8-1", "negation_type": "non_verbal", "semantic_type": "analytic", "syntactic_scope": "subclausal", "isDistractor": false, "label": false, "sentence": "In no context peoples are formed by persons, among other."}
{"test_id": "8-1", "negation_type": "non_verbal", "semantic_type": "analytic", "syntactic_scope": "subclausal", "isDistractor": true, "label": true, "sentence": "In no context cages are formed by persons, among other."}
{"test_id": "8-2", "negation_type": "non_verbal", "semantic_type": "analytic", "syntactic_scope": "subclausal", "isDistractor": false, "label": false, "sentence": "In no context peoples may be formed by persons, among other."}
{"test_id": "8-2", "negation_type": "non_verbal", "semantic_type": "analytic", "syntactic_scope": "subclausal", "isDistractor": true, "label": true, "sentence": "In no context cages may be formed by persons, among other."}
{"test_id": "9-1", "negation_type": "non_verbal", "semantic_type": "synthetic", "syntactic_scope": "subclausal", "isDistractor": false, "label": false, "sentence": "Peoples are never formed by persons, among other."}
{"test_id": "9-1", "negation_type": "non_verbal", "semantic_type": "synthetic", "syntactic_scope": "subclausal", "isDistractor": true, "label": true, "sentence": "Cages are never formed by persons, among other."}
{"test_id": "10-1", "negation_type": "affirmation", "semantic_type": "none", "syntactic_scope": "none", "isDistractor": false, "label": true, "sentence": "A people is commonly formed by persons, among other."}
{"test_id": "10-1", "negation_type": "affirmation", "semantic_type": "none", "syntactic_scope": "none", "isDistractor": true, "label": false, "sentence": "A cage is commonly formed by persons, among other."}
{"test_id": "10-2", "negation_type": "affirmation", "semantic_type": "none", "syntactic_scope": "none", "isDistractor": false, "label": true, "sentence": "A people may be formed by persons, among other."}
{"test_id": "10-2", "negation_type": "affirmation", "semantic_type": "none", "syntactic_scope": "none", "isDistractor": true, "label": false, "sentence": "A cage may be formed by persons, among other."}
{"test_id": "11-1", "negation_type": "verbal", "semantic_type": "analytic", "syntactic_scope": "clausal", "isDistractor": false, "label": false, "sentence": "A people is not formed by persons, among other, in any context."}
{"test_id": "11-1", "negation_type": "verbal", "semantic_type": "analytic", "syntactic_scope": "clausal", "isDistractor": true, "label": true, "sentence": "A cage is not formed by persons, among other, in any context."}
{"test_id": "11-2", "negation_type": "verbal", "semantic_type": "analytic", "syntactic_scope": "clausal", "isDistractor": false, "label": false, "sentence": "A people may not be formed by persons, among other, in any context."}
{"test_id": "11-2", "negation_type": "verbal", "semantic_type": "analytic", "syntactic_scope": "clausal", "isDistractor": true, "label": true, "sentence": "A cage may not be formed by persons, among other, in any context."}
{"test_id": "12-1", "negation_type": "non_verbal", "semantic_type": "analytic", "syntactic_scope": "subclausal", "isDistractor": false, "label": false, "sentence": "A people is formed by persons, among other, in no context."}
{"test_id": "12-1", "negation_type": "non_verbal", "semantic_type": "analytic", "syntactic_scope": "subclausal", "isDistractor": true, "label": true, "sentence": "A cage is formed by persons, among other, in no context."}
{"test_id": "12-2", "negation_type": "non_verbal", "semantic_type": "analytic", "syntactic_scope": "subclausal", "isDistractor": false, "label": false, "sentence": "A people may be formed by persons, among other, in no context."}
{"test_id": "12-2", "negation_type": "non_verbal", "semantic_type": "analytic", "syntactic_scope": "subclausal", "isDistractor": true, "label": true, "sentence": "A cage may be formed by persons, among other, in no context."}
{"test_id": "13-1", "negation_type": "non_verbal", "semantic_type": "analytic", "syntactic_scope": "subclausal", "isDistractor": false, "label": false, "sentence": "In no context a people is formed by persons, among other."}
{"test_id": "13-1", "negation_type": "non_verbal", "semantic_type": "analytic", "syntactic_scope": "subclausal", "isDistractor": true, "label": true, "sentence": "In no context a cage is formed by persons, among other."}
{"test_id": "13-2", "negation_type": "non_verbal", "semantic_type": "analytic", "syntactic_scope": "subclausal", "isDistractor": false, "label": false, "sentence": "In no context a people may be formed by persons, among other."}
{"test_id": "13-2", "negation_type": "non_verbal", "semantic_type": "analytic", "syntactic_scope": "subclausal", "isDistractor": true, "label": true, "sentence": "In no context a cage may be formed by persons, among other."}
{"test_id": "14-1", "negation_type": "non_verbal", "semantic_type": "synthetic", "syntactic_scope": "subclausal", "isDistractor": false, "label": false, "sentence": "A people is never formed by persons, among other."}
{"test_id": "14-1", "negation_type": "non_verbal", "semantic_type": "synthetic", "syntactic_scope": "subclausal", "isDistractor": true, "label": true, "sentence": "A cage is never formed by persons, among other."}
{"test_id": "15-1", "negation_type": "non_verbal", "semantic_type": "synthetic", "syntactic_scope": "subclausal", "isDistractor": false, "label": false, "sentence": "Persons are never members of a peoples."}
{"test_id": "15-1", "negation_type": "non_verbal", "semantic_type": "synthetic", "syntactic_scope": "subclausal", "isDistractor": true, "label": true, "sentence": "Persons are never members of a cages."}
{"test_id": "16-1", "negation_type": "non_verbal", "semantic_type": "analytic", "syntactic_scope": "subclausal", "isDistractor": false, "label": false, "sentence": "No persons are members of a peoples."}
{"test_id": "16-1", "negation_type": "non_verbal", "semantic_type": "analytic", "syntactic_scope": "subclausal", "isDistractor": true, "label": true, "sentence": "No persons are members of a cages."}
{"test_id": "16-2", "negation_type": "non_verbal", "semantic_type": "analytic", "syntactic_scope": "subclausal", "isDistractor": false, "label": false, "sentence": "No persons may be members of a peoples."}
{"test_id": "16-2", "negation_type": "non_verbal", "semantic_type": "analytic", "syntactic_scope": "subclausal", "isDistractor": true, "label": true, "sentence": "No persons may be members of a cages."}
{"test_id": "17-1", "negation_type": "non_verbal", "semantic_type": "analytic", "syntactic_scope": "subclausal", "isDistractor": false, "label": false, "sentence": "Not a single person are members of a peoples."}
{"test_id": "17-1", "negation_type": "non_verbal", "semantic_type": "analytic", "syntactic_scope": "subclausal", "isDistractor": true, "label": true, "sentence": "Not a single person are members of a cages."}
{"test_id": "17-2", "negation_type": "non_verbal", "semantic_type": "analytic", "syntactic_scope": "subclausal", "isDistractor": false, "label": false, "sentence": "Not a single person may be members of a peoples."}
{"test_id": "17-2", "negation_type": "non_verbal", "semantic_type": "analytic", "syntactic_scope": "subclausal", "isDistractor": true, "label": true, "sentence": "Not a single person may be members of a cages."}
{"test_id": "1-1", "negation_type": "affirmation", "semantic_type": "none", "syntactic_scope": "none", "isDistractor": false, "label": true, "sentence": "Princes are members of royalties."}
{"test_id": "1-1", "negation_type": "affirmation", "semantic_type": "none", "syntactic_scope": "none", "isDistractor": true, "label": false, "sentence": "Princes are members of promotions."}
{"test_id": "1-2", "negation_type": "affirmation", "semantic_type": "none", "syntactic_scope": "none", "isDistractor": false, "label": true, "sentence": "Princes may be members of royalties."}
{"test_id": "1-2", "negation_type": "affirmation", "semantic_type": "none", "syntactic_scope": "none", "isDistractor": true, "label": false, "sentence": "Princes may be members of promotions."}
{"test_id": "2-1", "negation_type": "verbal", "semantic_type": "analytic", "syntactic_scope": "clausal", "isDistractor": false, "label": false, "sentence": "Princes are not members of royalties in any context."}
{"test_id": "2-1", "negation_type": "verbal", "semantic_type": "analytic", "syntactic_scope": "clausal", "isDistractor": true, "label": true, "sentence": "Princes are not members of promotions in any context."}
{"test_id": "2-2", "negation_type": "verbal", "semantic_type": "analytic", "syntactic_scope": "clausal", "isDistractor": false, "label": false, "sentence": "Princes may not be members of royalties in any context."}
{"test_id": "2-2", "negation_type": "verbal", "semantic_type": "analytic", "syntactic_scope": "clausal", "isDistractor": true, "label": true, "sentence": "Princes may not be members of promotions in any context."}
{"test_id": "3-1", "negation_type": "non_verbal", "semantic_type": "analytic", "syntactic_scope": "subclausal", "isDistractor": false, "label": false, "sentence": "Princes are members of royalties in no context."}
{"test_id": "3-1", "negation_type": "non_verbal", "semantic_type": "analytic", "syntactic_scope": "subclausal", "isDistractor": true, "label": true, "sentence": "Princes are members of promotions in no context."}
{"test_id": "3-2", "negation_type": "non_verbal", "semantic_type": "analytic", "syntactic_scope": "subclausal", "isDistractor": false, "label": false, "sentence": "Princes may be members of royalties in no context."}
{"test_id": "3-2", "negation_type": "non_verbal", "semantic_type": "analytic", "syntactic_scope": "subclausal", "isDistractor": true, "label": true, "sentence": "Princes may be members of promotions in no context."}
{"test_id": "4-1", "negation_type": "non_verbal", "semantic_type": "analytic", "syntactic_scope": "subclausal", "isDistractor": false, "label": false, "sentence": "In no context princes are members of royalties."}
{"test_id": "4-1", "negation_type": "non_verbal", "semantic_type": "analytic", "syntactic_scope": "subclausal", "isDistractor": true, "label": true, "sentence": "In no context princes are members of promotions."}
{"test_id": "4-2", "negation_type": "non_verbal", "semantic_type": "analytic", "syntactic_scope": "subclausal", "isDistractor": false, "label": false, "sentence": "In no context princes may be members of royalties."}
{"test_id": "4-2", "negation_type": "non_verbal", "semantic_type": "analytic", "syntactic_scope": "subclausal", "isDistractor": true, "label": true, "sentence": "In no context princes may be members of promotions."}
{"test_id": "5-1", "negation_type": "affirmation", "semantic_type": "none", "syntactic_scope": "none", "isDistractor": false, "label": true, "sentence": "Royalties are commonly formed by princes, among other."}
{"test_id": "5-1", "negation_type": "affirmation", "semantic_type": "none", "syntactic_scope": "none", "isDistractor": true, "label": false, "sentence": "Promotions are commonly formed by princes, among other."}
{"test_id": "5-2", "negation_type": "affirmation", "semantic_type": "none", "syntactic_scope": "none", "isDistractor": false, "label": true, "sentence": "Royalties may be formed by princes, among other."}
{"test_id": "5-2", "negation_type": "affirmation", "semantic_type": "none", "syntactic_scope": "none", "isDistractor": true, "label": false, "sentence": "Promotions may be formed by princes, among other."}
{"test_id": "6-1", "negation_type": "verbal", "semantic_type": "analytic", "syntactic_scope": "clausal", "isDistractor": false, "label": false, "sentence": "Royalties are not formed by princes, among other, in any context."}
{"test_id": "6-1", "negation_type": "verbal", "semantic_type": "analytic", "syntactic_scope": "clausal", "isDistractor": true, "label": true, "sentence": "Promotions are not formed by princes, among other, in any context."}
{"test_id": "6-2", "negation_type": "verbal", "semantic_type": "analytic", "syntactic_scope": "clausal", "isDistractor": false, "label": false, "sentence": "Royalties may not be formed by princes, among other, in any context."}
{"test_id": "6-2", "negation_type": "verbal", "semantic_type": "analytic", "syntactic_scope": "clausal", "isDistractor": true, "label": true, "sentence": "Promotions may not be formed by princes, among other, in any context."}
{"test_id": "7-1", "negation_type": "non_verbal", "semantic_type": "analytic", "syntactic_scope": "subclausal", "isDistractor": false, "label": false, "sentence": "Royalties are formed by princes, among other, in no context."}
{"test_id": "7-1", "negation_type": "non_verbal", "semantic_type": "analytic", "syntactic_scope": "subclausal", "isDistractor": true, "label": true, "sentence": "Promotions are formed by princes, among other, in no context."}
{"test_id": "7-2", "negation_type": "non_verbal", "semantic_type": "analytic", "syntactic_scope": "subclausal", "isDistractor": false, "label": false, "sentence": "Royalties may be formed by princes, among other, in no context."}
{"test_id": "7-2", "negation_type": "non_verbal", "semantic_type": "analytic", "syntactic_scope": "subclausal", "isDistractor": true, "label": true, "sentence": "Promotions may be formed by princes, among other, in no context."}
{"test_id": "8-1", "negation_type": "non_verbal", "semantic_type": "analytic", "syntactic_scope": "subclausal", "isDistractor": false, "label": false, "sentence": "In no context royalties are formed by princes, among other."}
{"test_id": "8-1", "negation_type": "non_verbal", "semantic_type": "analytic", "syntactic_scope": "subclausal", "isDistractor": true, "label": true, "sentence": "In no context promotions are formed by princes, among other."}
{"test_id": "8-2", "negation_type": "non_verbal", "semantic_type": "analytic", "syntactic_scope": "subclausal", "isDistractor": false, "label": false, "sentence": "In no context royalties may be formed by princes, among other."}
{"test_id": "8-2", "negation_type": "non_verbal", "semantic_type": "analytic", "syntactic_scope": "subclausal", "isDistractor": true, "label": true, "sentence": "In no context promotions may be formed by princes, among other."}
{"test_id": "9-1", "negation_type": "non_verbal", "semantic_type": "synthetic", "syntactic_scope": "subclausal", "isDistractor": false, "label": false, "sentence": "Royalties are never formed by princes, among other."}
{"test_id": "9-1", "negation_type": "non_verbal", "semantic_type": "synthetic", "syntactic_scope": "subclausal", "isDistractor": true, "label": true, "sentence": "Promotions are never formed by princes, among other."}
{"test_id": "10-1", "negation_type": "affirmation", "semantic_type": "none", "syntactic_scope": "none", "isDistractor": false, "label": true, "sentence": "A royalty is commonly formed by princes, among other."}
{"test_id": "10-1", "negation_type": "affirmation", "semantic_type": "none", "syntactic_scope": "none", "isDistractor": true, "label": false, "sentence": "A promotion is commonly formed by princes, among other."}
{"test_id": "10-2", "negation_type": "affirmation", "semantic_type": "none", "syntactic_scope": "none", "isDistractor": false, "label": true, "sentence": "A royalty may be formed by princes, among other."}
{"test_id": "10-2", "negation_type": "affirmation", "semantic_type": "none", "syntactic_scope": "none", "isDistractor": true, "label": false, "sentence": "A promotion may be formed by princes, among other."}
{"test_id": "11-1", "negation_type": "verbal", "semantic_type": "analytic", "syntactic_scope": "clausal", "isDistractor": false, "label": false, "sentence": "A royalty is not formed by princes, among other, in any context."}
{"test_id": "11-1", "negation_type": "verbal", "semantic_type": "analytic", "syntactic_scope": "clausal", "isDistractor": true, "label": true, "sentence": "A promotion is not formed by princes, among other, in any context."}
{"test_id": "11-2", "negation_type": "verbal", "semantic_type": "analytic", "syntactic_scope": "clausal", "isDistractor": false, "label": false, "sentence": "A royalty may not be formed by princes, among other, in any context."}
{"test_id": "11-2", "negation_type": "verbal", "semantic_type": "analytic", "syntactic_scope": "clausal", "isDistractor": true, "label": true, "sentence": "A promotion may not be formed by princes, among other, in any context."}
{"test_id": "12-1", "negation_type": "non_verbal", "semantic_type": "analytic", "syntactic_scope": "subclausal", "isDistractor": false, "label": false, "sentence": "A royalty is formed by princes, among other, in no context."}
{"test_id": "12-1", "negation_type": "non_verbal", "semantic_type": "analytic", "syntactic_scope": "subclausal", "isDistractor": true, "label": true, "sentence": "A promotion is formed by princes, among other, in no context."}
{"test_id": "12-2", "negation_type": "non_verbal", "semantic_type": "analytic", "syntactic_scope": "subclausal", "isDistractor": false, "label": false, "sentence": "A royalty may be formed by princes, among other, in no context."}
{"test_id": "12-2", "negation_type": "non_verbal", "semantic_type": "analytic", "syntactic_scope": "subclausal", "isDistractor": true, "label": true, "sentence": "A promotion may be formed by princes, among other, in no context."}
{"test_id": "13-1", "negation_type": "non_verbal", "semantic_type": "analytic", "syntactic_scope": "subclausal", "isDistractor": false, "label": false, "sentence": "In no context a royalty is formed by princes, among other."}
{"test_id": "13-1", "negation_type": "non_verbal", "semantic_type": "analytic", "syntactic_scope": "subclausal", "isDistractor": true, "label": true, "sentence": "In no context a promotion is formed by princes, among other."}
{"test_id": "13-2", "negation_type": "non_verbal", "semantic_type": "analytic", "syntactic_scope": "subclausal", "isDistractor": false, "label": false, "sentence": "In no context a royalty may be formed by princes, among other."}
{"test_id": "13-2", "negation_type": "non_verbal", "semantic_type": "analytic", "syntactic_scope": "subclausal", "isDistractor": true, "label": true, "sentence": "In no context a promotion may be formed by princes, among other."}
{"test_id": "14-1", "negation_type": "non_verbal", "semantic_type": "synthetic", "syntactic_scope": "subclausal", "isDistractor": false, "label": false, "sentence": "A royalty is never formed by princes, among other."}
{"test_id": "14-1", "negation_type": "non_verbal", "semantic_type": "synthetic", "syntactic_scope": "subclausal", "isDistractor": true, "label": true, "sentence": "A promotion is never formed by princes, among other."}
{"test_id": "15-1", "negation_type": "non_verbal", "semantic_type": "synthetic", "syntactic_scope": "subclausal", "isDistractor": false, "label": false, "sentence": "Princes are never members of a royalties."}
{"test_id": "15-1", "negation_type": "non_verbal", "semantic_type": "synthetic", "syntactic_scope": "subclausal", "isDistractor": true, "label": true, "sentence": "Princes are never members of a promotions."}
{"test_id": "16-1", "negation_type": "non_verbal", "semantic_type": "analytic", "syntactic_scope": "subclausal", "isDistractor": false, "label": false, "sentence": "No princes are members of a royalties."}
{"test_id": "16-1", "negation_type": "non_verbal", "semantic_type": "analytic", "syntactic_scope": "subclausal", "isDistractor": true, "label": true, "sentence": "No princes are members of a promotions."}
{"test_id": "16-2", "negation_type": "non_verbal", "semantic_type": "analytic", "syntactic_scope": "subclausal", "isDistractor": false, "label": false, "sentence": "No princes may be members of a royalties."}
{"test_id": "16-2", "negation_type": "non_verbal", "semantic_type": "analytic", "syntactic_scope": "subclausal", "isDistractor": true, "label": true, "sentence": "No princes may be members of a promotions."}
{"test_id": "17-1", "negation_type": "non_verbal", "semantic_type": "analytic", "syntactic_scope": "subclausal", "isDistractor": false, "label": false, "sentence": "Not a single prince are members of a royalties."}
{"test_id": "17-1", "negation_type": "non_verbal", "semantic_type": "analytic", "syntactic_scope": "subclausal", "isDistractor": true, "label": true, "sentence": "Not a single prince are members of a promotions."}
{"test_id": "17-2", "negation_type": "non_verbal", "semantic_type": "analytic", "syntactic_scope": "subclausal", "isDistractor": false, "label": false, "sentence": "Not a single prince may be members of a royalties."}
{"test_id": "17-2", "negation_type": "non_verbal", "semantic_type": "analytic", "syntactic_scope": "subclausal", "isDistractor": true, "label": true, "sentence": "Not a single prince may be members of a promotions."}
{"test_id": "1-1", "negation_type": "affirmation", "semantic_type": "none", "syntactic_scope": "none", "isDistractor": false, "label": true, "sentence": "Relations are members of tribes."}
{"test_id": "1-1", "negation_type": "affirmation", "semantic_type": "none", "syntactic_scope": "none", "isDistractor": true, "label": false, "sentence": "Relations are members of cuttings."}
{"test_id": "1-2", "negation_type": "affirmation", "semantic_type": "none", "syntactic_scope": "none", "isDistractor": false, "label": true, "sentence": "Relations may be members of tribes."}
{"test_id": "1-2", "negation_type": "affirmation", "semantic_type": "none", "syntactic_scope": "none", "isDistractor": true, "label": false, "sentence": "Relations may be members of cuttings."}
{"test_id": "2-1", "negation_type": "verbal", "semantic_type": "analytic", "syntactic_scope": "clausal", "isDistractor": false, "label": false, "sentence": "Relations are not members of tribes in any context."}
{"test_id": "2-1", "negation_type": "verbal", "semantic_type": "analytic", "syntactic_scope": "clausal", "isDistractor": true, "label": true, "sentence": "Relations are not members of cuttings in any context."}
{"test_id": "2-2", "negation_type": "verbal", "semantic_type": "analytic", "syntactic_scope": "clausal", "isDistractor": false, "label": false, "sentence": "Relations may not be members of tribes in any context."}
{"test_id": "2-2", "negation_type": "verbal", "semantic_type": "analytic", "syntactic_scope": "clausal", "isDistractor": true, "label": true, "sentence": "Relations may not be members of cuttings in any context."}
{"test_id": "3-1", "negation_type": "non_verbal", "semantic_type": "analytic", "syntactic_scope": "subclausal", "isDistractor": false, "label": false, "sentence": "Relations are members of tribes in no context."}
{"test_id": "3-1", "negation_type": "non_verbal", "semantic_type": "analytic", "syntactic_scope": "subclausal", "isDistractor": true, "label": true, "sentence": "Relations are members of cuttings in no context."}
{"test_id": "3-2", "negation_type": "non_verbal", "semantic_type": "analytic", "syntactic_scope": "subclausal", "isDistractor": false, "label": false, "sentence": "Relations may be members of tribes in no context."}
{"test_id": "3-2", "negation_type": "non_verbal", "semantic_type": "analytic", "syntactic_scope": "subclausal", "isDistractor": true, "label": true, "sentence": "Relations may be members of cuttings in no context."}
{"test_id": "4-1", "negation_type": "non_verbal", "semantic_type": "analytic", "syntactic_scope": "subclausal", "isDistractor": false, "label": false, "sentence": "In no context relations are members of tribes."}
{"test_id": "4-1", "negation_type": "non_verbal", "semantic_type": "analytic", "syntactic_scope": "subclausal", "isDistractor": true, "label": true, "sentence": "In no context relations are members of cuttings."}
{"test_id": "4-2", "negation_type": "non_verbal", "semantic_type": "analytic", "syntactic_scope": "subclausal", "isDistractor": false, "label": false, "sentence": "In no context relations may be members of tribes."}
{"test_id": "4-2", "negation_type": "non_verbal", "semantic_type": "analytic", "syntactic_scope": "subclausal", "isDistractor": true, "label": true, "sentence": "In no context relations may be members of cuttings."}
{"test_id": "5-1", "negation_type": "affirmation", "semantic_type": "none", "syntactic_scope": "none", "isDistractor": false, "label": true, "sentence": "Tribes are commonly formed by relations, among other."}
{"test_id": "5-1", "negation_type": "affirmation", "semantic_type": "none", "syntactic_scope": "none", "isDistractor": true, "label": false, "sentence": "Cuttings are commonly formed by relations, among other."}
{"test_id": "5-2", "negation_type": "affirmation", "semantic_type": "none", "syntactic_scope": "none", "isDistractor": false, "label": true, "sentence": "Tribes may be formed by relations, among other."}
{"test_id": "5-2", "negation_type": "affirmation", "semantic_type": "none", "syntactic_scope": "none", "isDistractor": true, "label": false, "sentence": "Cuttings may be formed by relations, among other."}
{"test_id": "6-1", "negation_type": "verbal", "semantic_type": "analytic", "syntactic_scope": "clausal", "isDistractor": false, "label": false, "sentence": "Tribes are not formed by relations, among other, in any context."}
{"test_id": "6-1", "negation_type": "verbal", "semantic_type": "analytic", "syntactic_scope": "clausal", "isDistractor": true, "label": true, "sentence": "Cuttings are not formed by relations, among other, in any context."}
{"test_id": "6-2", "negation_type": "verbal", "semantic_type": "analytic", "syntactic_scope": "clausal", "isDistractor": false, "label": false, "sentence": "Tribes may not be formed by relations, among other, in any context."}
{"test_id": "6-2", "negation_type": "verbal", "semantic_type": "analytic", "syntactic_scope": "clausal", "isDistractor": true, "label": true, "sentence": "Cuttings may not be formed by relations, among other, in any context."}
{"test_id": "7-1", "negation_type": "non_verbal", "semantic_type": "analytic", "syntactic_scope": "subclausal", "isDistractor": false, "label": false, "sentence": "Tribes are formed by relations, among other, in no context."}
{"test_id": "7-1", "negation_type": "non_verbal", "semantic_type": "analytic", "syntactic_scope": "subclausal", "isDistractor": true, "label": true, "sentence": "Cuttings are formed by relations, among other, in no context."}
{"test_id": "7-2", "negation_type": "non_verbal", "semantic_type": "analytic", "syntactic_scope": "subclausal", "isDistractor": false, "label": false, "sentence": "Tribes may be formed by relations, among other, in no context."}
{"test_id": "7-2", "negation_type": "non_verbal", "semantic_type": "analytic", "syntactic_scope": "subclausal", "isDistractor": true, "label": true, "sentence": "Cuttings may be formed by relations, among other, in no context."}
{"test_id": "8-1", "negation_type": "non_verbal", "semantic_type": "analytic", "syntactic_scope": "subclausal", "isDistractor": false, "label": false, "sentence": "In no context tribes are formed by relations, among other."}
{"test_id": "8-1", "negation_type": "non_verbal", "semantic_type": "analytic", "syntactic_scope": "subclausal", "isDistractor": true, "label": true, "sentence": "In no context cuttings are formed by relations, among other."}
{"test_id": "8-2", "negation_type": "non_verbal", "semantic_type": "analytic", "syntactic_scope": "subclausal", "isDistractor": false, "label": false, "sentence": "In no context tribes may be formed by relations, among other."}
{"test_id": "8-2", "negation_type": "non_verbal", "semantic_type": "analytic", "syntactic_scope": "subclausal", "isDistractor": true, "label": true, "sentence": "In no context cuttings may be formed by relations, among other."}
{"test_id": "9-1", "negation_type": "non_verbal", "semantic_type": "synthetic", "syntactic_scope": "subclausal", "isDistractor": false, "label": false, "sentence": "Tribes are never formed by relations, among other."}
{"test_id": "9-1", "negation_type": "non_verbal", "semantic_type": "synthetic", "syntactic_scope": "subclausal", "isDistractor": true, "label": true, "sentence": "Cuttings are never formed by relations, among other."}
{"test_id": "10-1", "negation_type": "affirmation", "semantic_type": "none", "syntactic_scope": "none", "isDistractor": false, "label": true, "sentence": "A tribe is commonly formed by relations, among other."}
{"test_id": "10-1", "negation_type": "affirmation", "semantic_type": "none", "syntactic_scope": "none", "isDistractor": true, "label": false, "sentence": "A cutting is commonly formed by relations, among other."}
{"test_id": "10-2", "negation_type": "affirmation", "semantic_type": "none", "syntactic_scope": "none", "isDistractor": false, "label": true, "sentence": "A tribe may be formed by relations, among other."}
{"test_id": "10-2", "negation_type": "affirmation", "semantic_type": "none", "syntactic_scope": "none", "isDistractor": true, "label": false, "sentence": "A cutting may be formed by relations, among other."}
{"test_id": "11-1", "negation_type": "verbal", "semantic_type": "analytic", "syntactic_scope": "clausal", "isDistractor": false, "label": false, "sentence": "A tribe is not formed by relations, among other, in any context."}
{"test_id": "11-1", "negation_type": "verbal", "semantic_type": "analytic", "syntactic_scope": "clausal", "isDistractor": true, "label": true, "sentence": "A cutting is not formed by relations, among other, in any context."}
{"test_id": "11-2", "negation_type": "verbal", "semantic_type": "analytic", "syntactic_scope": "clausal", "isDistractor": false, "label": false, "sentence": "A tribe may not be formed by relations, among other, in any context."}
{"test_id": "11-2", "negation_type": "verbal", "semantic_type": "analytic", "syntactic_scope": "clausal", "isDistractor": true, "label": true, "sentence": "A cutting may not be formed by relations, among other, in any context."}
{"test_id": "12-1", "negation_type": "non_verbal", "semantic_type": "analytic", "syntactic_scope": "subclausal", "isDistractor": false, "label": false, "sentence": "A tribe is formed by relations, among other, in no context."}
{"test_id": "12-1", "negation_type": "non_verbal", "semantic_type": "analytic", "syntactic_scope": "subclausal", "isDistractor": true, "label": true, "sentence": "A cutting is formed by relations, among other, in no context."}
{"test_id": "12-2", "negation_type": "non_verbal", "semantic_type": "analytic", "syntactic_scope": "subclausal", "isDistractor": false, "label": false, "sentence": "A tribe may be formed by relations, among other, in no context."}
{"test_id": "12-2", "negation_type": "non_verbal", "semantic_type": "analytic", "syntactic_scope": "subclausal", "isDistractor": true, "label": true, "sentence": "A cutting may be formed by relations, among other, in no context."}
{"test_id": "13-1", "negation_type": "non_verbal", "semantic_type": "analytic", "syntactic_scope": "subclausal", "isDistractor": false, "label": false, "sentence": "In no context a tribe is formed by relations, among other."}
{"test_id": "13-1", "negation_type": "non_verbal", "semantic_type": "analytic", "syntactic_scope": "subclausal", "isDistractor": true, "label": true, "sentence": "In no context a cutting is formed by relations, among other."}
{"test_id": "13-2", "negation_type": "non_verbal", "semantic_type": "analytic", "syntactic_scope": "subclausal", "isDistractor": false, "label": false, "sentence": "In no context a tribe may be formed by relations, among other."}
{"test_id": "13-2", "negation_type": "non_verbal", "semantic_type": "analytic", "syntactic_scope": "subclausal", "isDistractor": true, "label": true, "sentence": "In no context a cutting may be formed by relations, among other."}
{"test_id": "14-1", "negation_type": "non_verbal", "semantic_type": "synthetic", "syntactic_scope": "subclausal", "isDistractor": false, "label": false, "sentence": "A tribe is never formed by relations, among other."}
{"test_id": "14-1", "negation_type": "non_verbal", "semantic_type": "synthetic", "syntactic_scope": "subclausal", "isDistractor": true, "label": true, "sentence": "A cutting is never formed by relations, among other."}
{"test_id": "15-1", "negation_type": "non_verbal", "semantic_type": "synthetic", "syntactic_scope": "subclausal", "isDistractor": false, "label": false, "sentence": "Relations are never members of a tribes."}
{"test_id": "15-1", "negation_type": "non_verbal", "semantic_type": "synthetic", "syntactic_scope": "subclausal", "isDistractor": true, "label": true, "sentence": "Relations are never members of a cuttings."}
{"test_id": "16-1", "negation_type": "non_verbal", "semantic_type": "analytic", "syntactic_scope": "subclausal", "isDistractor": false, "label": false, "sentence": "No relations are members of a tribes."}
{"test_id": "16-1", "negation_type": "non_verbal", "semantic_type": "analytic", "syntactic_scope": "subclausal", "isDistractor": true, "label": true, "sentence": "No relations are members of a cuttings."}
{"test_id": "16-2", "negation_type": "non_verbal", "semantic_type": "analytic", "syntactic_scope": "subclausal", "isDistractor": false, "label": false, "sentence": "No relations may be members of a tribes."}
{"test_id": "16-2", "negation_type": "non_verbal", "semantic_type": "analytic", "syntactic_scope": "subclausal", "isDistractor": true, "label": true, "sentence": "No relations may be members of a cuttings."}
{"test_id": "17-1", "negation_type": "non_verbal", "semantic_type": "analytic", "syntactic_scope": "subclausal", "isDistractor": false, "label": false, "sentence": "Not a single relation are members of a tribes."}
{"test_id": "17-1", "negation_type": "non_verbal", "semantic_type": "analytic", "syntactic_scope": "subclausal", "isDistractor": true, "label": true, "sentence": "Not a single relation are members of a cuttings."}
{"test_id": "17-2", "negation_type": "non_verbal", "semantic_type": "analytic", "syntactic_scope": "subclausal", "isDistractor": false, "label": false, "sentence": "Not a single relation may be members of a tribes."}
{"test_id": "17-2", "negation_type": "non_verbal", "semantic_type": "analytic", "syntactic_scope": "subclausal", "isDistractor": true, "label": true, "sentence": "Not a single relation may be members of a cuttings."}
{"test_id": "1-1", "negation_type": "affirmation", "semantic_type": "none", "syntactic_scope": "none", "isDistractor": false, "label": true, "sentence": "Kings are members of royalties."}
{"test_id": "1-1", "negation_type": "affirmation", "semantic_type": "none", "syntactic_scope": "none", "isDistractor": true, "label": false, "sentence": "Kings are members of fames."}
{"test_id": "1-2", "negation_type": "affirmation", "semantic_type": "none", "syntactic_scope": "none", "isDistractor": false, "label": true, "sentence": "Kings may be members of royalties."}
{"test_id": "1-2", "negation_type": "affirmation", "semantic_type": "none", "syntactic_scope": "none", "isDistractor": true, "label": false, "sentence": "Kings may be members of fames."}
{"test_id": "2-1", "negation_type": "verbal", "semantic_type": "analytic", "syntactic_scope": "clausal", "isDistractor": false, "label": false, "sentence": "Kings are not members of royalties in any context."}
{"test_id": "2-1", "negation_type": "verbal", "semantic_type": "analytic", "syntactic_scope": "clausal", "isDistractor": true, "label": true, "sentence": "Kings are not members of fames in any context."}
{"test_id": "2-2", "negation_type": "verbal", "semantic_type": "analytic", "syntactic_scope": "clausal", "isDistractor": false, "label": false, "sentence": "Kings may not be members of royalties in any context."}
{"test_id": "2-2", "negation_type": "verbal", "semantic_type": "analytic", "syntactic_scope": "clausal", "isDistractor": true, "label": true, "sentence": "Kings may not be members of fames in any context."}
{"test_id": "3-1", "negation_type": "non_verbal", "semantic_type": "analytic", "syntactic_scope": "subclausal", "isDistractor": false, "label": false, "sentence": "Kings are members of royalties in no context."}
{"test_id": "3-1", "negation_type": "non_verbal", "semantic_type": "analytic", "syntactic_scope": "subclausal", "isDistractor": true, "label": true, "sentence": "Kings are members of fames in no context."}
{"test_id": "3-2", "negation_type": "non_verbal", "semantic_type": "analytic", "syntactic_scope": "subclausal", "isDistractor": false, "label": false, "sentence": "Kings may be members of royalties in no context."}
{"test_id": "3-2", "negation_type": "non_verbal", "semantic_type": "analytic", "syntactic_scope": "subclausal", "isDistractor": true, "label": true, "sentence": "Kings may be members of fames in no context."}
{"test_id": "4-1", "negation_type": "non_verbal", "semantic_type": "analytic", "syntactic_scope": "subclausal", "isDistractor": false, "label": false, "sentence": "In no context kings are members of royalties."}
{"test_id": "4-1", "negation_type": "non_verbal", "semantic_type": "analytic", "syntactic_scope": "subclausal", "isDistractor": true, "label": true, "sentence": "In no context kings are members of fames."}
{"test_id": "4-2", "negation_type": "non_verbal", "semantic_type": "analytic", "syntactic_scope": "subclausal", "isDistractor": false, "label": false, "sentence": "In no context kings may be members of royalties."}
{"test_id": "4-2", "negation_type": "non_verbal", "semantic_type": "analytic", "syntactic_scope": "subclausal", "isDistractor": true, "label": true, "sentence": "In no context kings may be members of fames."}
{"test_id": "5-1", "negation_type": "affirmation", "semantic_type": "none", "syntactic_scope": "none", "isDistractor": false, "label": true, "sentence": "Royalties are commonly formed by kings, among other."}
{"test_id": "5-1", "negation_type": "affirmation", "semantic_type": "none", "syntactic_scope": "none", "isDistractor": true, "label": false, "sentence": "Fames are commonly formed by kings, among other."}
{"test_id": "5-2", "negation_type": "affirmation", "semantic_type": "none", "syntactic_scope": "none", "isDistractor": false, "label": true, "sentence": "Royalties may be formed by kings, among other."}
{"test_id": "5-2", "negation_type": "affirmation", "semantic_type": "none", "syntactic_scope": "none", "isDistractor": true, "label": false, "sentence": "Fames may be formed by kings, among other."}
{"test_id": "6-1", "negation_type": "verbal", "semantic_type": "analytic", "syntactic_scope": "clausal", "isDistractor": false, "label": false, "sentence": "Royalties are not formed by kings, among other, in any context."}
{"test_id": "6-1", "negation_type": "verbal", "semantic_type": "analytic", "syntactic_scope": "clausal", "isDistractor": true, "label": true, "sentence": "Fames are not formed by kings, among other, in any context."}
{"test_id": "6-2", "negation_type": "verbal", "semantic_type": "analytic", "syntactic_scope": "clausal", "isDistractor": false, "label": false, "sentence": "Royalties may not be formed by kings, among other, in any context."}
{"test_id": "6-2", "negation_type": "verbal", "semantic_type": "analytic", "syntactic_scope": "clausal", "isDistractor": true, "label": true, "sentence": "Fames may not be formed by kings, among other, in any context."}
{"test_id": "7-1", "negation_type": "non_verbal", "semantic_type": "analytic", "syntactic_scope": "subclausal", "isDistractor": false, "label": false, "sentence": "Royalties are formed by kings, among other, in no context."}
{"test_id": "7-1", "negation_type": "non_verbal", "semantic_type": "analytic", "syntactic_scope": "subclausal", "isDistractor": true, "label": true, "sentence": "Fames are formed by kings, among other, in no context."}
{"test_id": "7-2", "negation_type": "non_verbal", "semantic_type": "analytic", "syntactic_scope": "subclausal", "isDistractor": false, "label": false, "sentence": "Royalties may be formed by kings, among other, in no context."}
{"test_id": "7-2", "negation_type": "non_verbal", "semantic_type": "analytic", "syntactic_scope": "subclausal", "isDistractor": true, "label": true, "sentence": "Fames may be formed by kings, among other, in no context."}
{"test_id": "8-1", "negation_type": "non_verbal", "semantic_type": "analytic", "syntactic_scope": "subclausal", "isDistractor": false, "label": false, "sentence": "In no context royalties are formed by kings, among other."}
{"test_id": "8-1", "negation_type": "non_verbal", "semantic_type": "analytic", "syntactic_scope": "subclausal", "isDistractor": true, "label": true, "sentence": "In no context fames are formed by kings, among other."}
{"test_id": "8-2", "negation_type": "non_verbal", "semantic_type": "analytic", "syntactic_scope": "subclausal", "isDistractor": false, "label": false, "sentence": "In no context royalties may be formed by kings, among other."}
{"test_id": "8-2", "negation_type": "non_verbal", "semantic_type": "analytic", "syntactic_scope": "subclausal", "isDistractor": true, "label": true, "sentence": "In no context fames may be formed by kings, among other."}
{"test_id": "9-1", "negation_type": "non_verbal", "semantic_type": "synthetic", "syntactic_scope": "subclausal", "isDistractor": false, "label": false, "sentence": "Royalties are never formed by kings, among other."}
{"test_id": "9-1", "negation_type": "non_verbal", "semantic_type": "synthetic", "syntactic_scope": "subclausal", "isDistractor": true, "label": true, "sentence": "Fames are never formed by kings, among other."}
{"test_id": "10-1", "negation_type": "affirmation", "semantic_type": "none", "syntactic_scope": "none", "isDistractor": false, "label": true, "sentence": "A royalty is commonly formed by kings, among other."}
{"test_id": "10-1", "negation_type": "affirmation", "semantic_type": "none", "syntactic_scope": "none", "isDistractor": true, "label": false, "sentence": "A fame is commonly formed by kings, among other."}
{"test_id": "10-2", "negation_type": "affirmation", "semantic_type": "none", "syntactic_scope": "none", "isDistractor": false, "label": true, "sentence": "A royalty may be formed by kings, among other."}
{"test_id": "10-2", "negation_type": "affirmation", "semantic_type": "none", "syntactic_scope": "none", "isDistractor": true, "label": false, "sentence": "A fame may be formed by kings, among other."}
{"test_id": "11-1", "negation_type": "verbal", "semantic_type": "analytic", "syntactic_scope": "clausal", "isDistractor": false, "label": false, "sentence": "A royalty is not formed by kings, among other, in any context."}
{"test_id": "11-1", "negation_type": "verbal", "semantic_type": "analytic", "syntactic_scope": "clausal", "isDistractor": true, "label": true, "sentence": "A fame is not formed by kings, among other, in any context."}
{"test_id": "11-2", "negation_type": "verbal", "semantic_type": "analytic", "syntactic_scope": "clausal", "isDistractor": false, "label": false, "sentence": "A royalty may not be formed by kings, among other, in any context."}
{"test_id": "11-2", "negation_type": "verbal", "semantic_type": "analytic", "syntactic_scope": "clausal", "isDistractor": true, "label": true, "sentence": "A fame may not be formed by kings, among other, in any context."}
{"test_id": "12-1", "negation_type": "non_verbal", "semantic_type": "analytic", "syntactic_scope": "subclausal", "isDistractor": false, "label": false, "sentence": "A royalty is formed by kings, among other, in no context."}
{"test_id": "12-1", "negation_type": "non_verbal", "semantic_type": "analytic", "syntactic_scope": "subclausal", "isDistractor": true, "label": true, "sentence": "A fame is formed by kings, among other, in no context."}
{"test_id": "12-2", "negation_type": "non_verbal", "semantic_type": "analytic", "syntactic_scope": "subclausal", "isDistractor": false, "label": false, "sentence": "A royalty may be formed by kings, among other, in no context."}
{"test_id": "12-2", "negation_type": "non_verbal", "semantic_type": "analytic", "syntactic_scope": "subclausal", "isDistractor": true, "label": true, "sentence": "A fame may be formed by kings, among other, in no context."}
{"test_id": "13-1", "negation_type": "non_verbal", "semantic_type": "analytic", "syntactic_scope": "subclausal", "isDistractor": false, "label": false, "sentence": "In no context a royalty is formed by kings, among other."}
{"test_id": "13-1", "negation_type": "non_verbal", "semantic_type": "analytic", "syntactic_scope": "subclausal", "isDistractor": true, "label": true, "sentence": "In no context a fame is formed by kings, among other."}
{"test_id": "13-2", "negation_type": "non_verbal", "semantic_type": "analytic", "syntactic_scope": "subclausal", "isDistractor": false, "label": false, "sentence": "In no context a royalty may be formed by kings, among other."}
{"test_id": "13-2", "negation_type": "non_verbal", "semantic_type": "analytic", "syntactic_scope": "subclausal", "isDistractor": true, "label": true, "sentence": "In no context a fame may be formed by kings, among other."}
{"test_id": "14-1", "negation_type": "non_verbal", "semantic_type": "synthetic", "syntactic_scope": "subclausal", "isDistractor": false, "label": false, "sentence": "A royalty is never formed by kings, among other."}
{"test_id": "14-1", "negation_type": "non_verbal", "semantic_type": "synthetic", "syntactic_scope": "subclausal", "isDistractor": true, "label": true, "sentence": "A fame is never formed by kings, among other."}
{"test_id": "15-1", "negation_type": "non_verbal", "semantic_type": "synthetic", "syntactic_scope": "subclausal", "isDistractor": false, "label": false, "sentence": "Kings are never members of a royalties."}
{"test_id": "15-1", "negation_type": "non_verbal", "semantic_type": "synthetic", "syntactic_scope": "subclausal", "isDistractor": true, "label": true, "sentence": "Kings are never members of a fames."}
{"test_id": "16-1", "negation_type": "non_verbal", "semantic_type": "analytic", "syntactic_scope": "subclausal", "isDistractor": false, "label": false, "sentence": "No kings are members of a royalties."}
{"test_id": "16-1", "negation_type": "non_verbal", "semantic_type": "analytic", "syntactic_scope": "subclausal", "isDistractor": true, "label": true, "sentence": "No kings are members of a fames."}
{"test_id": "16-2", "negation_type": "non_verbal", "semantic_type": "analytic", "syntactic_scope": "subclausal", "isDistractor": false, "label": false, "sentence": "No kings may be members of a royalties."}
{"test_id": "16-2", "negation_type": "non_verbal", "semantic_type": "analytic", "syntactic_scope": "subclausal", "isDistractor": true, "label": true, "sentence": "No kings may be members of a fames."}
{"test_id": "17-1", "negation_type": "non_verbal", "semantic_type": "analytic", "syntactic_scope": "subclausal", "isDistractor": false, "label": false, "sentence": "Not a single king are members of a royalties."}
{"test_id": "17-1", "negation_type": "non_verbal", "semantic_type": "analytic", "syntactic_scope": "subclausal", "isDistractor": true, "label": true, "sentence": "Not a single king are members of a fames."}
{"test_id": "17-2", "negation_type": "non_verbal", "semantic_type": "analytic", "syntactic_scope": "subclausal", "isDistractor": false, "label": false, "sentence": "Not a single king may be members of a royalties."}
{"test_id": "17-2", "negation_type": "non_verbal", "semantic_type": "analytic", "syntactic_scope": "subclausal", "isDistractor": true, "label": true, "sentence": "Not a single king may be members of a fames."}
