{"test_id": "1-1", "negation_type": "affirmation", "semantic_type": "none", "syntactic_scope": "none", "isDistractor": false, "label": true, "sentence": "Devoting is commonly done by fans."}
{"test_id": "1-1", "negation_type": "affirmation", "semantic_type": "none", "syntactic_scope": "none", "isDistractor": true, "label": false, "sentence": "Devoting is commonly done by stocks."}
{"test_id": "2-1", "negation_type": "verbal", "semantic_type": "analytic", "syntactic_scope": "clausal", "isDistractor": false, "label": false, "sentence": "Devoting is not commonly done by fans."}
{"test_id": "2-1", "negation_type": "verbal", "semantic_type": "analytic", "syntactic_scope": "clausal", "isDistractor": true, "label": true, "sentence": "Devoting is not commonly done by stocks."}
{"test_id": "1-1", "negation_type": "affirmation", "semantic_type": "none", "syntactic_scope": "none", "isDistractor": false, "label": true, "sentence": "Playing is commonly done by players."}
{"test_id": "1-1", "negation_type": "affirmation", "semantic_type": "none", "syntactic_scope": "none", "isDistractor": true, "label": false, "sentence": "Playing is commonly done by organisations."}
{"test_id": "2-1", "negation_type": "verbal", "semantic_type": "analytic", "syntactic_scope": "clausal", "isDistractor": false, "label": false, "sentence": "Playing is not commonly done by players."}
{"test_id": "2-1", "negation_type": "verbal", "semantic_type": "analytic", "syntactic_scope": "clausal", "isDistractor": true, "label": true, "sentence": "Playing is not commonly done by organisations."}
{"test_id": "1-1", "negation_type": "affirmation", "semantic_type": "none", "syntactic_scope": "none", "isDistractor": false, "label": true, "sentence": "Bombing is commonly done by bombers."}
{"test_id": "1-1", "negation_type": "affirmation", "semantic_type": "none", "syntactic_scope": "none", "isDistractor": true, "label": false, "sentence": "Bombing is commonly done by places."}
{"test_id": "2-1", "negation_type": "verbal", "semantic_type": "analytic", "syntactic_scope": "clausal", "isDistractor": false, "label": false, "sentence": "Bombing is not commonly done by bombers."}
{"test_id": "2-1", "negation_type": "verbal", "semantic_type": "analytic", "syntactic_scope": "clausal", "isDistractor": true, "label": true, "sentence": "Bombing is not commonly done by places."}
{"test_id": "1-1", "negation_type": "affirmation", "semantic_type": "none", "syntactic_scope": "none", "isDistractor": false, "label": true, "sentence": "Running is commonly done by candidates."}
{"test_id": "1-1", "negation_type": "affirmation", "semantic_type": "none", "syntactic_scope": "none", "isDistractor": true, "label": false, "sentence": "Running is commonly done by rents."}
{"test_id": "2-1", "negation_type": "verbal", "semantic_type": "analytic", "syntactic_scope": "clausal", "isDistractor": false, "label": false, "sentence": "Running is not commonly done by candidates."}
{"test_id": "2-1", "negation_type": "verbal", "semantic_type": "analytic", "syntactic_scope": "clausal", "isDistractor": true, "label": true, "sentence": "Running is not commonly done by rents."}
{"test_id": "1-1", "negation_type": "affirmation", "semantic_type": "none", "syntactic_scope": "none", "isDistractor": false, "label": true, "sentence": "Writing is commonly done by composers."}
{"test_id": "1-1", "negation_type": "affirmation", "semantic_type": "none", "syntactic_scope": "none", "isDistractor": true, "label": false, "sentence": "Writing is commonly done by tops."}
{"test_id": "2-1", "negation_type": "verbal", "semantic_type": "analytic", "syntactic_scope": "clausal", "isDistractor": false, "label": false, "sentence": "Writing is not commonly done by composers."}
{"test_id": "2-1", "negation_type": "verbal", "semantic_type": "analytic", "syntactic_scope": "clausal", "isDistractor": true, "label": true, "sentence": "Writing is not commonly done by tops."}
{"test_id": "1-1", "negation_type": "affirmation", "semantic_type": "none", "syntactic_scope": "none", "isDistractor": false, "label": true, "sentence": "Demonstrating is commonly done by demonstrators."}
{"test_id": "1-1", "negation_type": "affirmation", "semantic_type": "none", "syntactic_scope": "none", "isDistractor": true, "label": false, "sentence": "Demonstrating is commonly done by samples."}
{"test_id": "2-1", "negation_type": "verbal", "semantic_type": "analytic", "syntactic_scope": "clausal", "isDistractor": false, "label": false, "sentence": "Demonstrating is not commonly done by demonstrators."}
{"test_id": "2-1", "negation_type": "verbal", "semantic_type": "analytic", "syntactic_scope": "clausal", "isDistractor": true, "label": true, "sentence": "Demonstrating is not commonly done by samples."}
{"test_id": "1-1", "negation_type": "affirmation", "semantic_type": "none", "syntactic_scope": "none", "isDistractor": false, "label": true, "sentence": "Planning is commonly done by designers."}
{"test_id": "1-1", "negation_type": "affirmation", "semantic_type": "none", "syntactic_scope": "none", "isDistractor": true, "label": false, "sentence": "Planning is commonly done by jumps."}
{"test_id": "2-1", "negation_type": "verbal", "semantic_type": "analytic", "syntactic_scope": "clausal", "isDistractor": false, "label": false, "sentence": "Planning is not commonly done by designers."}
{"test_id": "2-1", "negation_type": "verbal", "semantic_type": "analytic", "syntactic_scope": "clausal", "isDistractor": true, "label": true, "sentence": "Planning is not commonly done by jumps."}
{"test_id": "1-1", "negation_type": "affirmation", "semantic_type": "none", "syntactic_scope": "none", "isDistractor": false, "label": true, "sentence": "Electing is commonly done by voters."}
{"test_id": "1-1", "negation_type": "affirmation", "semantic_type": "none", "syntactic_scope": "none", "isDistractor": true, "label": false, "sentence": "Electing is commonly done by circulations."}
{"test_id": "2-1", "negation_type": "verbal", "semantic_type": "analytic", "syntactic_scope": "clausal", "isDistractor": false, "label": false, "sentence": "Electing is not commonly done by voters."}
{"test_id": "2-1", "negation_type": "verbal", "semantic_type": "analytic", "syntactic_scope": "clausal", "isDistractor": true, "label": true, "sentence": "Electing is not commonly done by circulations."}
{"test_id": "1-1", "negation_type": "affirmation", "semantic_type": "none", "syntactic_scope": "none", "isDistractor": false, "label": true, "sentence": "Employing is commonly done by employers."}
{"test_id": "1-1", "negation_type": "affirmation", "semantic_type": "none", "syntactic_scope": "none", "isDistractor": true, "label": false, "sentence": "Employing is commonly done by resorts."}
{"test_id": "2-1", "negation_type": "verbal", "semantic_type": "analytic", "syntactic_scope": "clausal", "isDistractor": false, "label": false, "sentence": "Employing is not commonly done by employers."}
{"test_id": "2-1", "negation_type": "verbal", "semantic_type": "analytic", "syntactic_scope": "clausal", "isDistractor": true, "label": true, "sentence": "Employing is not commonly done by resorts."}
{"test_id": "1-1", "negation_type": "affirmation", "semantic_type": "none", "syntactic_scope": "none", "isDistractor": false, "label": true, "sentence": "Organising is commonly done by engineers."}
{"test_id": "1-1", "negation_type": "affirmation", "semantic_type": "none", "syntactic_scope": "none", "isDistractor": true, "label": false, "sentence": "Organising is commonly done by ribs."}
{"test_id": "2-1", "negation_type": "verbal", "semantic_type": "analytic", "syntactic_scope": "clausal", "isDistractor": false, "label": false, "sentence": "Organising is not commonly done by engineers."}
{"test_id": "2-1", "negation_type": "verbal", "semantic_type": "analytic", "syntactic_scope": "clausal", "isDistractor": true, "label": true, "sentence": "Organising is not commonly done by ribs."}
{"test_id": "1-1", "negation_type": "affirmation", "semantic_type": "none", "syntactic_scope": "none", "isDistractor": false, "label": true, "sentence": "Cooking is commonly done by frauds."}
{"test_id": "1-1", "negation_type": "affirmation", "semantic_type": "none", "syntactic_scope": "none", "isDistractor": true, "label": false, "sentence": "Cooking is commonly done by clues."}
{"test_id": "2-1", "negation_type": "verbal", "semantic_type": "analytic", "syntactic_scope": "clausal", "isDistractor": false, "label": false, "sentence": "Cooking is not commonly done by frauds."}
{"test_id": "2-1", "negation_type": "verbal", "semantic_type": "analytic", "syntactic_scope": "clausal", "isDistractor": true, "label": true, "sentence": "Cooking is not commonly done by clues."}
{"test_id": "1-1", "negation_type": "affirmation", "semantic_type": "none", "syntactic_scope": "none", "isDistractor": false, "label": true, "sentence": "Producing is commonly done by farmers."}
{"test_id": "1-1", "negation_type": "affirmation", "semantic_type": "none", "syntactic_scope": "none", "isDistractor": true, "label": false, "sentence": "Producing is commonly done by sheets."}
{"test_id": "2-1", "negation_type": "verbal", "semantic_type": "analytic", "syntactic_scope": "clausal", "isDistractor": false, "label": false, "sentence": "Producing is not commonly done by farmers."}
{"test_id": "2-1", "negation_type": "verbal", "semantic_type": "analytic", "syntactic_scope": "clausal", "isDistractor": true, "label": true, "sentence": "Producing is not commonly done by sheets."}
{"test_id": "1-1", "negation_type": "affirmation", "semantic_type": "none", "syntactic_scope": "none", "isDistractor": false, "label": true, "sentence": "Ruling is commonly done by governors."}
{"test_id": "1-1", "negation_type": "affirmation", "semantic_type": "none", "syntactic_scope": "none", "isDistractor": true, "label": false, "sentence": "Ruling is commonly done by signs."}
{"test_id": "2-1", "negation_type": "verbal", "semantic_type": "analytic", "syntactic_scope": "clausal", "isDistractor": false, "label": false, "sentence": "Ruling is not commonly done by governors."}
{"test_id": "2-1", "negation_type": "verbal", "semantic_type": "analytic", "syntactic_scope": "clausal", "isDistractor": true, "label": true, "sentence": "Ruling is not commonly done by signs."}
{"test_id": "1-1", "negation_type": "affirmation", "semantic_type": "none", "syntactic_scope": "none", "isDistractor": false, "label": true, "sentence": "Healing is commonly done by therapists."}
{"test_id": "1-1", "negation_type": "affirmation", "semantic_type": "none", "syntactic_scope": "none", "isDistractor": true, "label": false, "sentence": "Healing is commonly done by drifts."}
{"test_id": "2-1", "negation_type": "verbal", "semantic_type": "analytic", "syntactic_scope": "clausal", "isDistractor": false, "label": false, "sentence": "Healing is not commonly done by therapists."}
{"test_id": "2-1", "negation_type": "verbal", "semantic_type": "analytic", "syntactic_scope": "clausal", "isDistractor": true, "label": true, "sentence": "Healing is not commonly done by drifts."}
{"test_id": "1-1", "negation_type": "affirmation", "semantic_type": "none", "syntactic_scope": "none", "isDistractor": false, "label": true, "sentence": "Inheriting is commonly done by heirs."}
{"test_id": "1-1", "negation_type": "affirmation", "semantic_type": "none", "syntactic_scope": "none", "isDistractor": true, "label": false, "sentence": "Inheriting is commonly done by staffs."}
{"test_id": "2-1", "negation_type": "verbal", "semantic_type": "analytic", "syntactic_scope": "clausal", "isDistractor": false, "label": false, "sentence": "Inheriting is not commonly done by heirs."}
{"test_id": "2-1", "negation_type": "verbal", "semantic_type": "analytic", "syntactic_scope": "clausal", "isDistractor": true, "label": true, "sentence": "Inheriting is not commonly done by staffs."}
{"test_id": "1-1", "negation_type": "affirmation", "semantic_type": "none", "syntactic_scope": "none", "isDistractor": false, "label": true, "sentence": "Learning is commonly done by teachers."}
{"test_id": "1-1", "negation_type": "affirmation", "semantic_type": "none", "syntactic_scope": "none", "isDistractor": true, "label": false, "sentence": "Learning is commonly done by approvals."}
{"test_id": "2-1", "negation_type": "verbal", "semantic_type": "analytic", "syntactic_scope": "clausal", "isDistractor": false, "label": false, "sentence": "Learning is not commonly done by teachers."}
{"test_id": "2-1", "negation_type": "verbal", "semantic_type": "analytic", "syntactic_scope": "clausal", "isDistractor": true, "label": true, "sentence": "Learning is not commonly done by approvals."}
{"test_id": "1-1", "negation_type": "affirmation", "semantic_type": "none", "syntactic_scope": "none", "isDistractor": false, "label": true, "sentence": "Jesting is commonly done by fools."}
{"test_id": "1-1", "negation_type": "affirmation", "semantic_type": "none", "syntactic_scope": "none", "isDistractor": true, "label": false, "sentence": "Jesting is commonly done by uncertainties."}
{"test_id": "2-1", "negation_type": "verbal", "semantic_type": "analytic", "syntactic_scope": "clausal", "isDistractor": false, "label": false, "sentence": "Jesting is not commonly done by fools."}
{"test_id": "2-1", "negation_type": "verbal", "semantic_type": "analytic", "syntactic_scope": "clausal", "isDistractor": true, "label": true, "sentence": "Jesting is not commonly done by uncertainties."}
{"test_id": "1-1", "negation_type": "affirmation", "semantic_type": "none", "syntactic_scope": "none", "isDistractor": false, "label": true, "sentence": "Killing is commonly done by killers."}
{"test_id": "1-1", "negation_type": "affirmation", "semantic_type": "none", "syntactic_scope": "none", "isDistractor": true, "label": false, "sentence": "Killing is commonly done by appointments."}
{"test_id": "2-1", "negation_type": "verbal", "semantic_type": "analytic", "syntactic_scope": "clausal", "isDistractor": false, "label": false, "sentence": "Killing is not commonly done by killers."}
{"test_id": "2-1", "negation_type": "verbal", "semantic_type": "analytic", "syntactic_scope": "clausal", "isDistractor": true, "label": true, "sentence": "Killing is not commonly done by appointments."}
{"test_id": "1-1", "negation_type": "affirmation", "semantic_type": "none", "syntactic_scope": "none", "isDistractor": false, "label": true, "sentence": "Leading is commonly done by leaders."}
{"test_id": "1-1", "negation_type": "affirmation", "semantic_type": "none", "syntactic_scope": "none", "isDistractor": true, "label": false, "sentence": "Leading is commonly done by viruses."}
{"test_id": "2-1", "negation_type": "verbal", "semantic_type": "analytic", "syntactic_scope": "clausal", "isDistractor": false, "label": false, "sentence": "Leading is not commonly done by leaders."}
{"test_id": "2-1", "negation_type": "verbal", "semantic_type": "analytic", "syntactic_scope": "clausal", "isDistractor": true, "label": true, "sentence": "Leading is not commonly done by viruses."}
{"test_id": "1-1", "negation_type": "affirmation", "semantic_type": "none", "syntactic_scope": "none", "isDistractor": false, "label": true, "sentence": "Leading is commonly done by leaders."}
{"test_id": "1-1", "negation_type": "affirmation", "semantic_type": "none", "syntactic_scope": "none", "isDistractor": true, "label": false, "sentence": "Leading is commonly done by balls."}
{"test_id": "2-1", "negation_type": "verbal", "semantic_type": "analytic", "syntactic_scope": "clausal", "isDistractor": false, "label": false, "sentence": "Leading is not commonly done by leaders."}
{"test_id": "2-1", "negation_type": "verbal", "semantic_type": "analytic", "syntactic_scope": "clausal", "isDistractor": true, "label": true, "sentence": "Leading is not commonly done by balls."}
{"test_id": "1-1", "negation_type": "affirmation", "semantic_type": "none", "syntactic_scope": "none", "isDistractor": false, "label": true, "sentence": "Losing is commonly done by failures."}
{"test_id": "1-1", "negation_type": "affirmation", "semantic_type": "none", "syntactic_scope": "none", "isDistractor": true, "label": false, "sentence": "Losing is commonly done by accounts."}
{"test_id": "2-1", "negation_type": "verbal", "semantic_type": "analytic", "syntactic_scope": "clausal", "isDistractor": false, "label": false, "sentence": "Losing is not commonly done by failures."}
{"test_id": "2-1", "negation_type": "verbal", "semantic_type": "analytic", "syntactic_scope": "clausal", "isDistractor": true, "label": true, "sentence": "Losing is not commonly done by accounts."}
{"test_id": "1-1", "negation_type": "affirmation", "semantic_type": "none", "syntactic_scope": "none", "isDistractor": false, "label": true, "sentence": "Loving is commonly done by fans."}
{"test_id": "1-1", "negation_type": "affirmation", "semantic_type": "none", "syntactic_scope": "none", "isDistractor": true, "label": false, "sentence": "Loving is commonly done by samples."}
{"test_id": "2-1", "negation_type": "verbal", "semantic_type": "analytic", "syntactic_scope": "clausal", "isDistractor": false, "label": false, "sentence": "Loving is not commonly done by fans."}
{"test_id": "2-1", "negation_type": "verbal", "semantic_type": "analytic", "syntactic_scope": "clausal", "isDistractor": true, "label": true, "sentence": "Loving is not commonly done by samples."}
{"test_id": "1-1", "negation_type": "affirmation", "semantic_type": "none", "syntactic_scope": "none", "isDistractor": false, "label": true, "sentence": "Managing is commonly done by managers."}
{"test_id": "1-1", "negation_type": "affirmation", "semantic_type": "none", "syntactic_scope": "none", "isDistractor": true, "label": false, "sentence": "Managing is commonly done by memories."}
{"test_id": "2-1", "negation_type": "verbal", "semantic_type": "analytic", "syntactic_scope": "clausal", "isDistractor": false, "label": false, "sentence": "Managing is not commonly done by managers."}
{"test_id": "2-1", "negation_type": "verbal", "semantic_type": "analytic", "syntactic_scope": "clausal", "isDistractor": true, "label": true, "sentence": "Managing is not commonly done by memories."}
{"test_id": "1-1", "negation_type": "affirmation", "semantic_type": "none", "syntactic_scope": "none", "isDistractor": false, "label": true, "sentence": "Constructing is commonly done by manufacturers."}
{"test_id": "1-1", "negation_type": "affirmation", "semantic_type": "none", "syntactic_scope": "none", "isDistractor": true, "label": false, "sentence": "Constructing is commonly done by schools."}
{"test_id": "2-1", "negation_type": "verbal", "semantic_type": "analytic", "syntactic_scope": "clausal", "isDistractor": false, "label": false, "sentence": "Constructing is not commonly done by manufacturers."}
{"test_id": "2-1", "negation_type": "verbal", "semantic_type": "analytic", "syntactic_scope": "clausal", "isDistractor": true, "label": true, "sentence": "Constructing is not commonly done by schools."}
{"test_id": "1-1", "negation_type": "affirmation", "semantic_type": "none", "syntactic_scope": "none", "isDistractor": false, "label": true, "sentence": "Opposing is commonly done by opponents."}
{"test_id": "1-1", "negation_type": "affirmation", "semantic_type": "none", "syntactic_scope": "none", "isDistractor": true, "label": false, "sentence": "Opposing is commonly done by catalogues."}
{"test_id": "2-1", "negation_type": "verbal", "semantic_type": "analytic", "syntactic_scope": "clausal", "isDistractor": false, "label": false, "sentence": "Opposing is not commonly done by opponents."}
{"test_id": "2-1", "negation_type": "verbal", "semantic_type": "analytic", "syntactic_scope": "clausal", "isDistractor": true, "label": true, "sentence": "Opposing is not commonly done by catalogues."}
{"test_id": "1-1", "negation_type": "affirmation", "semantic_type": "none", "syntactic_scope": "none", "isDistractor": false, "label": true, "sentence": "Painting is commonly done by painters."}
{"test_id": "1-1", "negation_type": "affirmation", "semantic_type": "none", "syntactic_scope": "none", "isDistractor": true, "label": false, "sentence": "Painting is commonly done by flashes."}
{"test_id": "2-1", "negation_type": "verbal", "semantic_type": "analytic", "syntactic_scope": "clausal", "isDistractor": false, "label": false, "sentence": "Painting is not commonly done by painters."}
{"test_id": "2-1", "negation_type": "verbal", "semantic_type": "analytic", "syntactic_scope": "clausal", "isDistractor": true, "label": true, "sentence": "Painting is not commonly done by flashes."}
{"test_id": "1-1", "negation_type": "affirmation", "semantic_type": "none", "syntactic_scope": "none", "isDistractor": false, "label": true, "sentence": "Perceiving is commonly done by observers."}
{"test_id": "1-1", "negation_type": "affirmation", "semantic_type": "none", "syntactic_scope": "none", "isDistractor": true, "label": false, "sentence": "Perceiving is commonly done by preparations."}
{"test_id": "2-1", "negation_type": "verbal", "semantic_type": "analytic", "syntactic_scope": "clausal", "isDistractor": false, "label": false, "sentence": "Perceiving is not commonly done by observers."}
{"test_id": "2-1", "negation_type": "verbal", "semantic_type": "analytic", "syntactic_scope": "clausal", "isDistractor": true, "label": true, "sentence": "Perceiving is not commonly done by preparations."}
{"test_id": "1-1", "negation_type": "affirmation", "semantic_type": "none", "syntactic_scope": "none", "isDistractor": false, "label": true, "sentence": "Performing is commonly done by performers."}
{"test_id": "1-1", "negation_type": "affirmation", "semantic_type": "none", "syntactic_scope": "none", "isDistractor": true, "label": false, "sentence": "Performing is commonly done by forms."}
{"test_id": "2-1", "negation_type": "verbal", "semantic_type": "analytic", "syntactic_scope": "clausal", "isDistractor": false, "label": false, "sentence": "Performing is not commonly done by performers."}
{"test_id": "2-1", "negation_type": "verbal", "semantic_type": "analytic", "syntactic_scope": "clausal", "isDistractor": true, "label": true, "sentence": "Performing is not commonly done by forms."}
{"test_id": "1-1", "negation_type": "affirmation", "semantic_type": "none", "syntactic_scope": "none", "isDistractor": false, "label": true, "sentence": "Playing is commonly done by players."}
{"test_id": "1-1", "negation_type": "affirmation", "semantic_type": "none", "syntactic_scope": "none", "isDistractor": true, "label": false, "sentence": "Playing is commonly done by sequences."}
{"test_id": "2-1", "negation_type": "verbal", "semantic_type": "analytic", "syntactic_scope": "clausal", "isDistractor": false, "label": false, "sentence": "Playing is not commonly done by players."}
{"test_id": "2-1", "negation_type": "verbal", "semantic_type": "analytic", "syntactic_scope": "clausal", "isDistractor": true, "label": true, "sentence": "Playing is not commonly done by sequences."}
{"test_id": "1-1", "negation_type": "affirmation", "semantic_type": "none", "syntactic_scope": "none", "isDistractor": false, "label": true, "sentence": "Playing is commonly done by players."}
{"test_id": "1-1", "negation_type": "affirmation", "semantic_type": "none", "syntactic_scope": "none", "isDistractor": true, "label": false, "sentence": "Playing is commonly done by yards."}
{"test_id": "2-1", "negation_type": "verbal", "semantic_type": "analytic", "syntactic_scope": "clausal", "isDistractor": false, "label": false, "sentence": "Playing is not commonly done by players."}
{"test_id": "2-1", "negation_type": "verbal", "semantic_type": "analytic", "syntactic_scope": "clausal", "isDistractor": true, "label": true, "sentence": "Playing is not commonly done by yards."}
{"test_id": "1-1", "negation_type": "affirmation", "semantic_type": "none", "syntactic_scope": "none", "isDistractor": false, "label": true, "sentence": "Affecting is commonly done by frauds."}
{"test_id": "1-1", "negation_type": "affirmation", "semantic_type": "none", "syntactic_scope": "none", "isDistractor": true, "label": false, "sentence": "Affecting is commonly done by films."}
{"test_id": "2-1", "negation_type": "verbal", "semantic_type": "analytic", "syntactic_scope": "clausal", "isDistractor": false, "label": false, "sentence": "Affecting is not commonly done by frauds."}
{"test_id": "2-1", "negation_type": "verbal", "semantic_type": "analytic", "syntactic_scope": "clausal", "isDistractor": true, "label": true, "sentence": "Affecting is not commonly done by films."}
{"test_id": "1-1", "negation_type": "affirmation", "semantic_type": "none", "syntactic_scope": "none", "isDistractor": false, "label": true, "sentence": "Making is commonly done by manufacturers."}
{"test_id": "1-1", "negation_type": "affirmation", "semantic_type": "none", "syntactic_scope": "none", "isDistractor": true, "label": false, "sentence": "Making is commonly done by apologies."}
{"test_id": "2-1", "negation_type": "verbal", "semantic_type": "analytic", "syntactic_scope": "clausal", "isDistractor": false, "label": false, "sentence": "Making is not commonly done by manufacturers."}
{"test_id": "2-1", "negation_type": "verbal", "semantic_type": "analytic", "syntactic_scope": "clausal", "isDistractor": true, "label": true, "sentence": "Making is not commonly done by apologies."}
{"test_id": "1-1", "negation_type": "affirmation", "semantic_type": "none", "syntactic_scope": "none", "isDistractor": false, "label": true, "sentence": "Publishing is commonly done by publishers."}
{"test_id": "1-1", "negation_type": "affirmation", "semantic_type": "none", "syntactic_scope": "none", "isDistractor": true, "label": false, "sentence": "Publishing is commonly done by peaces."}
{"test_id": "2-1", "negation_type": "verbal", "semantic_type": "analytic", "syntactic_scope": "clausal", "isDistractor": false, "label": false, "sentence": "Publishing is not commonly done by publishers."}
{"test_id": "2-1", "negation_type": "verbal", "semantic_type": "analytic", "syntactic_scope": "clausal", "isDistractor": true, "label": true, "sentence": "Publishing is not commonly done by peaces."}
{"test_id": "1-1", "negation_type": "affirmation", "semantic_type": "none", "syntactic_scope": "none", "isDistractor": false, "label": true, "sentence": "Resisting is commonly done by opponents."}
{"test_id": "1-1", "negation_type": "affirmation", "semantic_type": "none", "syntactic_scope": "none", "isDistractor": true, "label": false, "sentence": "Resisting is commonly done by graves."}
{"test_id": "2-1", "negation_type": "verbal", "semantic_type": "analytic", "syntactic_scope": "clausal", "isDistractor": false, "label": false, "sentence": "Resisting is not commonly done by opponents."}
{"test_id": "2-1", "negation_type": "verbal", "semantic_type": "analytic", "syntactic_scope": "clausal", "isDistractor": true, "label": true, "sentence": "Resisting is not commonly done by graves."}
{"test_id": "1-1", "negation_type": "affirmation", "semantic_type": "none", "syntactic_scope": "none", "isDistractor": false, "label": true, "sentence": "Riding is commonly done by passengers."}
{"test_id": "1-1", "negation_type": "affirmation", "semantic_type": "none", "syntactic_scope": "none", "isDistractor": true, "label": false, "sentence": "Riding is commonly done by plates."}
{"test_id": "2-1", "negation_type": "verbal", "semantic_type": "analytic", "syntactic_scope": "clausal", "isDistractor": false, "label": false, "sentence": "Riding is not commonly done by passengers."}
{"test_id": "2-1", "negation_type": "verbal", "semantic_type": "analytic", "syntactic_scope": "clausal", "isDistractor": true, "label": true, "sentence": "Riding is not commonly done by plates."}
{"test_id": "1-1", "negation_type": "affirmation", "semantic_type": "none", "syntactic_scope": "none", "isDistractor": false, "label": true, "sentence": "Selling is commonly done by sellers."}
{"test_id": "1-1", "negation_type": "affirmation", "semantic_type": "none", "syntactic_scope": "none", "isDistractor": true, "label": false, "sentence": "Selling is commonly done by jokes."}
{"test_id": "2-1", "negation_type": "verbal", "semantic_type": "analytic", "syntactic_scope": "clausal", "isDistractor": false, "label": false, "sentence": "Selling is not commonly done by sellers."}
{"test_id": "2-1", "negation_type": "verbal", "semantic_type": "analytic", "syntactic_scope": "clausal", "isDistractor": true, "label": true, "sentence": "Selling is not commonly done by jokes."}
{"test_id": "1-1", "negation_type": "affirmation", "semantic_type": "none", "syntactic_scope": "none", "isDistractor": false, "label": true, "sentence": "Affecting is commonly done by frauds."}
{"test_id": "1-1", "negation_type": "affirmation", "semantic_type": "none", "syntactic_scope": "none", "isDistractor": true, "label": false, "sentence": "Affecting is commonly done by activities."}
{"test_id": "2-1", "negation_type": "verbal", "semantic_type": "analytic", "syntactic_scope": "clausal", "isDistractor": false, "label": false, "sentence": "Affecting is not commonly done by frauds."}
{"test_id": "2-1", "negation_type": "verbal", "semantic_type": "analytic", "syntactic_scope": "clausal", "isDistractor": true, "label": true, "sentence": "Affecting is not commonly done by activities."}
{"test_id": "1-1", "negation_type": "affirmation", "semantic_type": "none", "syntactic_scope": "none", "isDistractor": false, "label": true, "sentence": "Singing is commonly done by singers."}
{"test_id": "1-1", "negation_type": "affirmation", "semantic_type": "none", "syntactic_scope": "none", "isDistractor": true, "label": false, "sentence": "Singing is commonly done by scores."}
{"test_id": "2-1", "negation_type": "verbal", "semantic_type": "analytic", "syntactic_scope": "clausal", "isDistractor": false, "label": false, "sentence": "Singing is not commonly done by singers."}
{"test_id": "2-1", "negation_type": "verbal", "semantic_type": "analytic", "syntactic_scope": "clausal", "isDistractor": true, "label": true, "sentence": "Singing is not commonly done by scores."}
{"test_id": "1-1", "negation_type": "affirmation", "semantic_type": "none", "syntactic_scope": "none", "isDistractor": false, "label": true, "sentence": "Managing is commonly done by supervisors."}
{"test_id": "1-1", "negation_type": "affirmation", "semantic_type": "none", "syntactic_scope": "none", "isDistractor": true, "label": false, "sentence": "Managing is commonly done by laws."}
{"test_id": "2-1", "negation_type": "verbal", "semantic_type": "analytic", "syntactic_scope": "clausal", "isDistractor": false, "label": false, "sentence": "Managing is not commonly done by supervisors."}
{"test_id": "2-1", "negation_type": "verbal", "semantic_type": "analytic", "syntactic_scope": "clausal", "isDistractor": true, "label": true, "sentence": "Managing is not commonly done by laws."}
{"test_id": "1-1", "negation_type": "affirmation", "semantic_type": "none", "syntactic_scope": "none", "isDistractor": false, "label": true, "sentence": "Talking is commonly done by speakers."}
{"test_id": "1-1", "negation_type": "affirmation", "semantic_type": "none", "syntactic_scope": "none", "isDistractor": true, "label": false, "sentence": "Talking is commonly done by theories."}
{"test_id": "2-1", "negation_type": "verbal", "semantic_type": "analytic", "syntactic_scope": "clausal", "isDistractor": false, "label": false, "sentence": "Talking is not commonly done by speakers."}
{"test_id": "2-1", "negation_type": "verbal", "semantic_type": "analytic", "syntactic_scope": "clausal", "isDistractor": true, "label": true, "sentence": "Talking is not commonly done by theories."}
{"test_id": "1-1", "negation_type": "affirmation", "semantic_type": "none", "syntactic_scope": "none", "isDistractor": false, "label": true, "sentence": "Learning is commonly done by teachers."}
{"test_id": "1-1", "negation_type": "affirmation", "semantic_type": "none", "syntactic_scope": "none", "isDistractor": true, "label": false, "sentence": "Learning is commonly done by degrees."}
{"test_id": "2-1", "negation_type": "verbal", "semantic_type": "analytic", "syntactic_scope": "clausal", "isDistractor": false, "label": false, "sentence": "Learning is not commonly done by teachers."}
{"test_id": "2-1", "negation_type": "verbal", "semantic_type": "analytic", "syntactic_scope": "clausal", "isDistractor": true, "label": true, "sentence": "Learning is not commonly done by degrees."}
{"test_id": "1-1", "negation_type": "affirmation", "semantic_type": "none", "syntactic_scope": "none", "isDistractor": false, "label": true, "sentence": "Supposing is commonly done by theorists."}
{"test_id": "1-1", "negation_type": "affirmation", "semantic_type": "none", "syntactic_scope": "none", "isDistractor": true, "label": false, "sentence": "Supposing is commonly done by checks."}
{"test_id": "2-1", "negation_type": "verbal", "semantic_type": "analytic", "syntactic_scope": "clausal", "isDistractor": false, "label": false, "sentence": "Supposing is not commonly done by theorists."}
{"test_id": "2-1", "negation_type": "verbal", "semantic_type": "analytic", "syntactic_scope": "clausal", "isDistractor": true, "label": true, "sentence": "Supposing is not commonly done by checks."}
{"test_id": "1-1", "negation_type": "affirmation", "semantic_type": "none", "syntactic_scope": "none", "isDistractor": false, "label": true, "sentence": "Supposing is commonly done by theorists."}
{"test_id": "1-1", "negation_type": "affirmation", "semantic_type": "none", "syntactic_scope": "none", "isDistractor": true, "label": false, "sentence": "Supposing is commonly done by weaknesses."}
{"test_id": "2-1", "negation_type": "verbal", "semantic_type": "analytic", "syntactic_scope": "clausal", "isDistractor": false, "label": false, "sentence": "Supposing is not commonly done by theorists."}
{"test_id": "2-1", "negation_type": "verbal", "semantic_type": "analytic", "syntactic_scope": "clausal", "isDistractor": true, "label": true, "sentence": "Supposing is not commonly done by weaknesses."}
{"test_id": "1-1", "negation_type": "affirmation", "semantic_type": "none", "syntactic_scope": "none", "isDistractor": false, "label": true, "sentence": "Thinking is commonly done by thinkers."}
{"test_id": "1-1", "negation_type": "affirmation", "semantic_type": "none", "syntactic_scope": "none", "isDistractor": true, "label": false, "sentence": "Thinking is commonly done by snows."}
{"test_id": "2-1", "negation_type": "verbal", "semantic_type": "analytic", "syntactic_scope": "clausal", "isDistractor": false, "label": false, "sentence": "Thinking is not commonly done by thinkers."}
{"test_id": "2-1", "negation_type": "verbal", "semantic_type": "analytic", "syntactic_scope": "clausal", "isDistractor": true, "label": true, "sentence": "Thinking is not commonly done by snows."}
{"test_id": "1-1", "negation_type": "affirmation", "semantic_type": "none", "syntactic_scope": "none", "isDistractor": false, "label": true, "sentence": "Training is commonly done by trainers."}
{"test_id": "1-1", "negation_type": "affirmation", "semantic_type": "none", "syntactic_scope": "none", "isDistractor": true, "label": false, "sentence": "Training is commonly done by watches."}
{"test_id": "2-1", "negation_type": "verbal", "semantic_type": "analytic", "syntactic_scope": "clausal", "isDistractor": false, "label": false, "sentence": "Training is not commonly done by trainers."}
{"test_id": "2-1", "negation_type": "verbal", "semantic_type": "analytic", "syntactic_scope": "clausal", "isDistractor": true, "label": true, "sentence": "Training is not commonly done by watches."}
{"test_id": "1-1", "negation_type": "affirmation", "semantic_type": "none", "syntactic_scope": "none", "isDistractor": false, "label": true, "sentence": "Developing is commonly done by trainers."}
{"test_id": "1-1", "negation_type": "affirmation", "semantic_type": "none", "syntactic_scope": "none", "isDistractor": true, "label": false, "sentence": "Developing is commonly done by fights."}
{"test_id": "2-1", "negation_type": "verbal", "semantic_type": "analytic", "syntactic_scope": "clausal", "isDistractor": false, "label": false, "sentence": "Developing is not commonly done by trainers."}
{"test_id": "2-1", "negation_type": "verbal", "semantic_type": "analytic", "syntactic_scope": "clausal", "isDistractor": true, "label": true, "sentence": "Developing is not commonly done by fights."}
{"test_id": "1-1", "negation_type": "affirmation", "semantic_type": "none", "syntactic_scope": "none", "isDistractor": false, "label": true, "sentence": "Visiting is commonly done by visitors."}
{"test_id": "1-1", "negation_type": "affirmation", "semantic_type": "none", "syntactic_scope": "none", "isDistractor": true, "label": false, "sentence": "Visiting is commonly done by stands."}
{"test_id": "2-1", "negation_type": "verbal", "semantic_type": "analytic", "syntactic_scope": "clausal", "isDistractor": false, "label": false, "sentence": "Visiting is not commonly done by visitors."}
{"test_id": "2-1", "negation_type": "verbal", "semantic_type": "analytic", "syntactic_scope": "clausal", "isDistractor": true, "label": true, "sentence": "Visiting is not commonly done by stands."}
{"test_id": "1-1", "negation_type": "affirmation", "semantic_type": "none", "syntactic_scope": "none", "isDistractor": false, "label": true, "sentence": "Voting is commonly done by voters."}
{"test_id": "1-1", "negation_type": "affirmation", "semantic_type": "none", "syntactic_scope": "none", "isDistractor": true, "label": false, "sentence": "Voting is commonly done by feelings."}
{"test_id": "2-1", "negation_type": "verbal", "semantic_type": "analytic", "syntactic_scope": "clausal", "isDistractor": false, "label": false, "sentence": "Voting is not commonly done by voters."}
{"test_id": "2-1", "negation_type": "verbal", "semantic_type": "analytic", "syntactic_scope": "clausal", "isDistractor": true, "label": true, "sentence": "Voting is not commonly done by feelings."}
{"test_id": "1-1", "negation_type": "affirmation", "semantic_type": "none", "syntactic_scope": "none", "isDistractor": false, "label": true, "sentence": "Walking is commonly done by pedestrians."}
{"test_id": "1-1", "negation_type": "affirmation", "semantic_type": "none", "syntactic_scope": "none", "isDistractor": true, "label": false, "sentence": "Walking is commonly done by traditions."}
{"test_id": "2-1", "negation_type": "verbal", "semantic_type": "analytic", "syntactic_scope": "clausal", "isDistractor": false, "label": false, "sentence": "Walking is not commonly done by pedestrians."}
{"test_id": "2-1", "negation_type": "verbal", "semantic_type": "analytic", "syntactic_scope": "clausal", "isDistractor": true, "label": true, "sentence": "Walking is not commonly done by traditions."}
{"test_id": "1-1", "negation_type": "affirmation", "semantic_type": "none", "syntactic_scope": "none", "isDistractor": false, "label": true, "sentence": "Watching is commonly done by witnesses."}
{"test_id": "1-1", "negation_type": "affirmation", "semantic_type": "none", "syntactic_scope": "none", "isDistractor": true, "label": false, "sentence": "Watching is commonly done by ties."}
{"test_id": "2-1", "negation_type": "verbal", "semantic_type": "analytic", "syntactic_scope": "clausal", "isDistractor": false, "label": false, "sentence": "Watching is not commonly done by witnesses."}
{"test_id": "2-1", "negation_type": "verbal", "semantic_type": "analytic", "syntactic_scope": "clausal", "isDistractor": true, "label": true, "sentence": "Watching is not commonly done by ties."}
{"test_id": "1-1", "negation_type": "affirmation", "semantic_type": "none", "syntactic_scope": "none", "isDistractor": false, "label": true, "sentence": "Winning is commonly done by winners."}
{"test_id": "1-1", "negation_type": "affirmation", "semantic_type": "none", "syntactic_scope": "none", "isDistractor": true, "label": false, "sentence": "Winning is commonly done by volumes."}
{"test_id": "2-1", "negation_type": "verbal", "semantic_type": "analytic", "syntactic_scope": "clausal", "isDistractor": false, "label": false, "sentence": "Winning is not commonly done by winners."}
{"test_id": "2-1", "negation_type": "verbal", "semantic_type": "analytic", "syntactic_scope": "clausal", "isDistractor": true, "label": true, "sentence": "Winning is not commonly done by volumes."}
{"test_id": "1-1", "negation_type": "affirmation", "semantic_type": "none", "syntactic_scope": "none", "isDistractor": false, "label": true, "sentence": "Working is commonly done by workers."}
{"test_id": "1-1", "negation_type": "affirmation", "semantic_type": "none", "syntactic_scope": "none", "isDistractor": true, "label": false, "sentence": "Working is commonly done by houses."}
{"test_id": "2-1", "negation_type": "verbal", "semantic_type": "analytic", "syntactic_scope": "clausal", "isDistractor": false, "label": false, "sentence": "Working is not commonly done by workers."}
{"test_id": "2-1", "negation_type": "verbal", "semantic_type": "analytic", "syntactic_scope": "clausal", "isDistractor": true, "label": true, "sentence": "Working is not commonly done by houses."}
{"test_id": "1-1", "negation_type": "affirmation", "semantic_type": "none", "syntactic_scope": "none", "isDistractor": false, "label": true, "sentence": "Writing is commonly done by writers."}
{"test_id": "1-1", "negation_type": "affirmation", "semantic_type": "none", "syntactic_scope": "none", "isDistractor": true, "label": false, "sentence": "Writing is commonly done by theories."}
{"test_id": "2-1", "negation_type": "verbal", "semantic_type": "analytic", "syntactic_scope": "clausal", "isDistractor": false, "label": false, "sentence": "Writing is not commonly done by writers."}
{"test_id": "2-1", "negation_type": "verbal", "semantic_type": "analytic", "syntactic_scope": "clausal", "isDistractor": true, "label": true, "sentence": "Writing is not commonly done by theories."}
{"test_id": "1-1", "negation_type": "affirmation", "semantic_type": "none", "syntactic_scope": "none", "isDistractor": false, "label": true, "sentence": "Making is commonly done by cooks."}
{"test_id": "1-1", "negation_type": "affirmation", "semantic_type": "none", "syntactic_scope": "none", "isDistractor": true, "label": false, "sentence": "Making is commonly done by collections."}
{"test_id": "2-1", "negation_type": "verbal", "semantic_type": "analytic", "syntactic_scope": "clausal", "isDistractor": false, "label": false, "sentence": "Making is not commonly done by cooks."}
{"test_id": "2-1", "negation_type": "verbal", "semantic_type": "analytic", "syntactic_scope": "clausal", "isDistractor": true, "label": true, "sentence": "Making is not commonly done by collections."}
{"test_id": "1-1", "negation_type": "affirmation", "semantic_type": "none", "syntactic_scope": "none", "isDistractor": false, "label": true, "sentence": "Organising is commonly done by engineers."}
{"test_id": "1-1", "negation_type": "affirmation", "semantic_type": "none", "syntactic_scope": "none", "isDistractor": true, "label": false, "sentence": "Organising is commonly done by rates."}
{"test_id": "2-1", "negation_type": "verbal", "semantic_type": "analytic", "syntactic_scope": "clausal", "isDistractor": false, "label": false, "sentence": "Organising is not commonly done by engineers."}
{"test_id": "2-1", "negation_type": "verbal", "semantic_type": "analytic", "syntactic_scope": "clausal", "isDistractor": true, "label": true, "sentence": "Organising is not commonly done by rates."}
{"test_id": "1-1", "negation_type": "affirmation", "semantic_type": "none", "syntactic_scope": "none", "isDistractor": false, "label": true, "sentence": "Cooking is commonly done by frauds."}
{"test_id": "1-1", "negation_type": "affirmation", "semantic_type": "none", "syntactic_scope": "none", "isDistractor": true, "label": false, "sentence": "Cooking is commonly done by marriages."}
{"test_id": "2-1", "negation_type": "verbal", "semantic_type": "analytic", "syntactic_scope": "clausal", "isDistractor": false, "label": false, "sentence": "Cooking is not commonly done by frauds."}
{"test_id": "2-1", "negation_type": "verbal", "semantic_type": "analytic", "syntactic_scope": "clausal", "isDistractor": true, "label": true, "sentence": "Cooking is not commonly done by marriages."}
{"test_id": "1-1", "negation_type": "affirmation", "semantic_type": "none", "syntactic_scope": "none", "isDistractor": false, "label": true, "sentence": "Forging is commonly done by frauds."}
{"test_id": "1-1", "negation_type": "affirmation", "semantic_type": "none", "syntactic_scope": "none", "isDistractor": true, "label": false, "sentence": "Forging is commonly done by wages."}
{"test_id": "2-1", "negation_type": "verbal", "semantic_type": "analytic", "syntactic_scope": "clausal", "isDistractor": false, "label": false, "sentence": "Forging is not commonly done by frauds."}
{"test_id": "2-1", "negation_type": "verbal", "semantic_type": "analytic", "syntactic_scope": "clausal", "isDistractor": true, "label": true, "sentence": "Forging is not commonly done by wages."}
{"test_id": "1-1", "negation_type": "affirmation", "semantic_type": "none", "syntactic_scope": "none", "isDistractor": false, "label": true, "sentence": "Leading is commonly done by heads."}
{"test_id": "1-1", "negation_type": "affirmation", "semantic_type": "none", "syntactic_scope": "none", "isDistractor": true, "label": false, "sentence": "Leading is commonly done by sales."}
{"test_id": "2-1", "negation_type": "verbal", "semantic_type": "analytic", "syntactic_scope": "clausal", "isDistractor": false, "label": false, "sentence": "Leading is not commonly done by heads."}
{"test_id": "2-1", "negation_type": "verbal", "semantic_type": "analytic", "syntactic_scope": "clausal", "isDistractor": true, "label": true, "sentence": "Leading is not commonly done by sales."}
{"test_id": "1-1", "negation_type": "affirmation", "semantic_type": "none", "syntactic_scope": "none", "isDistractor": false, "label": true, "sentence": "Raising is commonly done by parents."}
{"test_id": "1-1", "negation_type": "affirmation", "semantic_type": "none", "syntactic_scope": "none", "isDistractor": true, "label": false, "sentence": "Raising is commonly done by services."}
{"test_id": "2-1", "negation_type": "verbal", "semantic_type": "analytic", "syntactic_scope": "clausal", "isDistractor": false, "label": false, "sentence": "Raising is not commonly done by parents."}
{"test_id": "2-1", "negation_type": "verbal", "semantic_type": "analytic", "syntactic_scope": "clausal", "isDistractor": true, "label": true, "sentence": "Raising is not commonly done by services."}
{"test_id": "1-1", "negation_type": "affirmation", "semantic_type": "none", "syntactic_scope": "none", "isDistractor": false, "label": true, "sentence": "Guarding is commonly done by wards."}
{"test_id": "1-1", "negation_type": "affirmation", "semantic_type": "none", "syntactic_scope": "none", "isDistractor": true, "label": false, "sentence": "Guarding is commonly done by warnings."}
{"test_id": "2-1", "negation_type": "verbal", "semantic_type": "analytic", "syntactic_scope": "clausal", "isDistractor": false, "label": false, "sentence": "Guarding is not commonly done by wards."}
{"test_id": "2-1", "negation_type": "verbal", "semantic_type": "analytic", "syntactic_scope": "clausal", "isDistractor": true, "label": true, "sentence": "Guarding is not commonly done by warnings."}
