{"test_id": "1-1", "negation_type": "affirmation", "semantic_type": "none", "syntactic_scope": "none", "isDistractor": false, "label": true, "sentence": "Organising is commonly done by engineers."}
{"test_id": "1-1", "negation_type": "affirmation", "semantic_type": "none", "syntactic_scope": "none", "isDistractor": true, "label": false, "sentence": "Organising is commonly done by rates."}
{"test_id": "2-1", "negation_type": "verbal", "semantic_type": "analytic", "syntactic_scope": "clausal", "isDistractor": false, "label": false, "sentence": "Organising is not commonly done by engineers."}
{"test_id": "2-1", "negation_type": "verbal", "semantic_type": "analytic", "syntactic_scope": "clausal", "isDistractor": true, "label": true, "sentence": "Organising is not commonly done by rates."}
{"test_id": "1-1", "negation_type": "affirmation", "semantic_type": "none", "syntactic_scope": "none", "isDistractor": false, "label": true, "sentence": "Devoting is commonly done by fans."}
{"test_id": "1-1", "negation_type": "affirmation", "semantic_type": "none", "syntactic_scope": "none", "isDistractor": true, "label": false, "sentence": "Devoting is commonly done by stocks."}
{"test_id": "2-1", "negation_type": "verbal", "semantic_type": "analytic", "syntactic_scope": "clausal", "isDistractor": false, "label": false, "sentence": "Devoting is not commonly done by fans."}
{"test_id": "2-1", "negation_type": "verbal", "semantic_type": "analytic", "syntactic_scope": "clausal", "isDistractor": true, "label": true, "sentence": "Devoting is not commonly done by stocks."}
{"test_id": "1-1", "negation_type": "affirmation", "semantic_type": "none", "syntactic_scope": "none", "isDistractor": false, "label": true, "sentence": "Supposing is commonly done by theorists."}
{"test_id": "1-1", "negation_type": "affirmation", "semantic_type": "none", "syntactic_scope": "none", "isDistractor": true, "label": false, "sentence": "Supposing is commonly done by checks."}
{"test_id": "2-1", "negation_type": "verbal", "semantic_type": "analytic", "syntactic_scope": "clausal", "isDistractor": false, "label": false, "sentence": "Supposing is not commonly done by theorists."}
{"test_id": "2-1", "negation_type": "verbal", "semantic_type": "analytic", "syntactic_scope": "clausal", "isDistractor": true, "label": true, "sentence": "Supposing is not commonly done by checks."}
{"test_id": "1-1", "negation_type": "affirmation", "semantic_type": "none", "syntactic_scope": "none", "isDistractor": false, "label": true, "sentence": "Performing is commonly done by performers."}
{"test_id": "1-1", "negation_type": "affirmation", "semantic_type": "none", "syntactic_scope": "none", "isDistractor": true, "label": false, "sentence": "Performing is commonly done by forms."}
{"test_id": "2-1", "negation_type": "verbal", "semantic_type": "analytic", "syntactic_scope": "clausal", "isDistractor": false, "label": false, "sentence": "Performing is not commonly done by performers."}
{"test_id": "2-1", "negation_type": "verbal", "semantic_type": "analytic", "syntactic_scope": "clausal", "isDistractor": true, "label": true, "sentence": "Performing is not commonly done by forms."}
{"test_id": "1-1", "negation_type": "affirmation", "semantic_type": "none", "syntactic_scope": "none", "isDistractor": false, "label": true, "sentence": "Riding is commonly done by passengers."}
{"test_id": "1-1", "negation_type": "affirmation", "semantic_type": "none", "syntactic_scope": "none", "isDistractor": true, "label": false, "sentence": "Riding is commonly done by plates."}
{"test_id": "2-1", "negation_type": "verbal", "semantic_type": "analytic", "syntactic_scope": "clausal", "isDistractor": false, "label": false, "sentence": "Riding is not commonly done by passengers."}
{"test_id": "2-1", "negation_type": "verbal", "semantic_type": "analytic", "syntactic_scope": "clausal", "isDistractor": true, "label": true, "sentence": "Riding is not commonly done by plates."}
{"test_id": "1-1", "negation_type": "affirmation", "semantic_type": "none", "syntactic_scope": "none", "isDistractor": false, "label": true, "sentence": "Thinking is commonly done by thinkers."}
{"test_id": "1-1", "negation_type": "affirmation", "semantic_type": "none", "syntactic_scope": "none", "isDistractor": true, "label": false, "sentence": "Thinking is commonly done by snows."}
{"test_id": "2-1", "negation_type": "verbal", "semantic_type": "analytic", "syntactic_scope": "clausal", "isDistractor": false, "label": false, "sentence": "Thinking is not commonly done by thinkers."}
{"test_id": "2-1", "negation_type": "verbal", "semantic_type": "analytic", "syntactic_scope": "clausal", "isDistractor": true, "label": true, "sentence": "Thinking is not commonly done by snows."}
{"test_id": "1-1", "negation_type": "affirmation", "semantic_type": "none", "syntactic_scope": "none", "isDistractor": false, "label": true, "sentence": "Working is commonly done by workers."}
{"test_id": "1-1", "negation_type": "affirmation", "semantic_type": "none", "syntactic_scope": "none", "isDistractor": true, "label": false, "sentence": "Working is commonly done by houses."}
{"test_id": "2-1", "negation_type": "verbal", "semantic_type": "analytic", "syntactic_scope": "clausal", "isDistractor": false, "label": false, "sentence": "Working is not commonly done by workers."}
{"test_id": "2-1", "negation_type": "verbal", "semantic_type": "analytic", "syntactic_scope": "clausal", "isDistractor": true, "label": true, "sentence": "Working is not commonly done by houses."}
{"test_id": "1-1", "negation_type": "affirmation", "semantic_type": "none", "syntactic_scope": "none", "isDistractor": false, "label": true, "sentence": "Cooking is commonly done by frauds."}
{"test_id": "1-1", "negation_type": "affirmation", "semantic_type": "none", "syntactic_scope": "none", "isDistractor": true, "label": false, "sentence": "Cooking is commonly done by marriages."}
{"test_id": "2-1", "negation_type": "verbal", "semantic_type": "analytic", "syntactic_scope": "clausal", "isDistractor": false, "label": false, "sentence": "Cooking is not commonly done by frauds."}
{"test_id": "2-1", "negation_type": "verbal", "semantic_type": "analytic", "syntactic_scope": "clausal", "isDistractor": true, "label": true, "sentence": "Cooking is not commonly done by marriages."}
{"test_id": "1-1", "negation_type": "affirmation", "semantic_type": "none", "syntactic_scope": "none", "isDistractor": false, "label": true, "sentence": "Leading is commonly done by heads."}
{"test_id": "1-1", "negation_type": "affirmation", "semantic_type": "none", "syntactic_scope": "none", "isDistractor": true, "label": false, "sentence": "Leading is commonly done by sales."}
{"test_id": "2-1", "negation_type": "verbal", "semantic_type": "analytic", "syntactic_scope": "clausal", "isDistractor": false, "label": false, "sentence": "Leading is not commonly done by heads."}
{"test_id": "2-1", "negation_type": "verbal", "semantic_type": "analytic", "syntactic_scope": "clausal", "isDistractor": true, "label": true, "sentence": "Leading is not commonly done by sales."}
{"test_id": "1-1", "negation_type": "affirmation", "semantic_type": "none", "syntactic_scope": "none", "isDistractor": false, "label": true, "sentence": "Guarding is commonly done by wards."}
{"test_id": "1-1", "negation_type": "affirmation", "semantic_type": "none", "syntactic_scope": "none", "isDistractor": true, "label": false, "sentence": "Guarding is commonly done by warnings."}
{"test_id": "2-1", "negation_type": "verbal", "semantic_type": "analytic", "syntactic_scope": "clausal", "isDistractor": false, "label": false, "sentence": "Guarding is not commonly done by wards."}
{"test_id": "2-1", "negation_type": "verbal", "semantic_type": "analytic", "syntactic_scope": "clausal", "isDistractor": true, "label": true, "sentence": "Guarding is not commonly done by warnings."}
{"test_id": "1-1", "negation_type": "affirmation", "semantic_type": "none", "syntactic_scope": "none", "isDistractor": false, "label": true, "sentence": "Killing is commonly done by killers."}
{"test_id": "1-1", "negation_type": "affirmation", "semantic_type": "none", "syntactic_scope": "none", "isDistractor": true, "label": false, "sentence": "Killing is commonly done by appointments."}
{"test_id": "2-1", "negation_type": "verbal", "semantic_type": "analytic", "syntactic_scope": "clausal", "isDistractor": false, "label": false, "sentence": "Killing is not commonly done by killers."}
{"test_id": "2-1", "negation_type": "verbal", "semantic_type": "analytic", "syntactic_scope": "clausal", "isDistractor": true, "label": true, "sentence": "Killing is not commonly done by appointments."}
{"test_id": "1-1", "negation_type": "affirmation", "semantic_type": "none", "syntactic_scope": "none", "isDistractor": false, "label": true, "sentence": "Selling is commonly done by sellers."}
{"test_id": "1-1", "negation_type": "affirmation", "semantic_type": "none", "syntactic_scope": "none", "isDistractor": true, "label": false, "sentence": "Selling is commonly done by jokes."}
{"test_id": "2-1", "negation_type": "verbal", "semantic_type": "analytic", "syntactic_scope": "clausal", "isDistractor": false, "label": false, "sentence": "Selling is not commonly done by sellers."}
{"test_id": "2-1", "negation_type": "verbal", "semantic_type": "analytic", "syntactic_scope": "clausal", "isDistractor": true, "label": true, "sentence": "Selling is not commonly done by jokes."}
{"test_id": "1-1", "negation_type": "affirmation", "semantic_type": "none", "syntactic_scope": "none", "isDistractor": false, "label": true, "sentence": "Watching is commonly done by witnesses."}
{"test_id": "1-1", "negation_type": "affirmation", "semantic_type": "none", "syntactic_scope": "none", "isDistractor": true, "label": false, "sentence": "Watching is commonly done by ties."}
{"test_id": "2-1", "negation_type": "verbal", "semantic_type": "analytic", "syntactic_scope": "clausal", "isDistractor": false, "label": false, "sentence": "Watching is not commonly done by witnesses."}
{"test_id": "2-1", "negation_type": "verbal", "semantic_type": "analytic", "syntactic_scope": "clausal", "isDistractor": true, "label": true, "sentence": "Watching is not commonly done by ties."}
{"test_id": "1-1", "negation_type": "affirmation", "semantic_type": "none", "syntactic_scope": "none", "isDistractor": false, "label": true, "sentence": "Learning is commonly done by teachers."}
{"test_id": "1-1", "negation_type": "affirmation", "semantic_type": "none", "syntactic_scope": "none", "isDistractor": true, "label": false, "sentence": "Learning is commonly done by approvals."}
{"test_id": "2-1", "negation_type": "verbal", "semantic_type": "analytic", "syntactic_scope": "clausal", "isDistractor": false, "label": false, "sentence": "Learning is not commonly done by teachers."}
{"test_id": "2-1", "negation_type": "verbal", "semantic_type": "analytic", "syntactic_scope": "clausal", "isDistractor": true, "label": true, "sentence": "Learning is not commonly done by approvals."}
{"test_id": "1-1", "negation_type": "affirmation", "semantic_type": "none", "syntactic_scope": "none", "isDistractor": false, "label": true, "sentence": "Organising is commonly done by engineers."}
{"test_id": "1-1", "negation_type": "affirmation", "semantic_type": "none", "syntactic_scope": "none", "isDistractor": true, "label": false, "sentence": "Organising is commonly done by ribs."}
{"test_id": "2-1", "negation_type": "verbal", "semantic_type": "analytic", "syntactic_scope": "clausal", "isDistractor": false, "label": false, "sentence": "Organising is not commonly done by engineers."}
{"test_id": "2-1", "negation_type": "verbal", "semantic_type": "analytic", "syntactic_scope": "clausal", "isDistractor": true, "label": true, "sentence": "Organising is not commonly done by ribs."}
{"test_id": "1-1", "negation_type": "affirmation", "semantic_type": "none", "syntactic_scope": "none", "isDistractor": false, "label": true, "sentence": "Training is commonly done by trainers."}
{"test_id": "1-1", "negation_type": "affirmation", "semantic_type": "none", "syntactic_scope": "none", "isDistractor": true, "label": false, "sentence": "Training is commonly done by watches."}
{"test_id": "2-1", "negation_type": "verbal", "semantic_type": "analytic", "syntactic_scope": "clausal", "isDistractor": false, "label": false, "sentence": "Training is not commonly done by trainers."}
{"test_id": "2-1", "negation_type": "verbal", "semantic_type": "analytic", "syntactic_scope": "clausal", "isDistractor": true, "label": true, "sentence": "Training is not commonly done by watches."}
{"test_id": "1-1", "negation_type": "affirmation", "semantic_type": "none", "syntactic_scope": "none", "isDistractor": false, "label": true, "sentence": "Managing is commonly done by managers."}
{"test_id": "1-1", "negation_type": "affirmation", "semantic_type": "none", "syntactic_scope": "none", "isDistractor": true, "label": false, "sentence": "Managing is commonly done by memories."}
{"test_id": "2-1", "negation_type": "verbal", "semantic_type": "analytic", "syntactic_scope": "clausal", "isDistractor": false, "label": false, "sentence": "Managing is not commonly done by managers."}
{"test_id": "2-1", "negation_type": "verbal", "semantic_type": "analytic", "syntactic_scope": "clausal", "isDistractor": true, "label": true, "sentence": "Managing is not commonly done by memories."}
{"test_id": "1-1", "negation_type": "affirmation", "semantic_type": "none", "syntactic_scope": "none", "isDistractor": false, "label": true, "sentence": "Perceiving is commonly done by observers."}
{"test_id": "1-1", "negation_type": "affirmation", "semantic_type": "none", "syntactic_scope": "none", "isDistractor": true, "label": false, "sentence": "Perceiving is commonly done by preparations."}
{"test_id": "2-1", "negation_type": "verbal", "semantic_type": "analytic", "syntactic_scope": "clausal", "isDistractor": false, "label": false, "sentence": "Perceiving is not commonly done by observers."}
{"test_id": "2-1", "negation_type": "verbal", "semantic_type": "analytic", "syntactic_scope": "clausal", "isDistractor": true, "label": true, "sentence": "Perceiving is not commonly done by preparations."}
{"test_id": "1-1", "negation_type": "affirmation", "semantic_type": "none", "syntactic_scope": "none", "isDistractor": false, "label": true, "sentence": "Jesting is commonly done by fools."}
{"test_id": "1-1", "negation_type": "affirmation", "semantic_type": "none", "syntactic_scope": "none", "isDistractor": true, "label": false, "sentence": "Jesting is commonly done by uncertainties."}
{"test_id": "2-1", "negation_type": "verbal", "semantic_type": "analytic", "syntactic_scope": "clausal", "isDistractor": false, "label": false, "sentence": "Jesting is not commonly done by fools."}
{"test_id": "2-1", "negation_type": "verbal", "semantic_type": "analytic", "syntactic_scope": "clausal", "isDistractor": true, "label": true, "sentence": "Jesting is not commonly done by uncertainties."}
{"test_id": "1-1", "negation_type": "affirmation", "semantic_type": "none", "syntactic_scope": "none", "isDistractor": false, "label": true, "sentence": "Raising is commonly done by parents."}
{"test_id": "1-1", "negation_type": "affirmation", "semantic_type": "none", "syntactic_scope": "none", "isDistractor": true, "label": false, "sentence": "Raising is commonly done by services."}
{"test_id": "2-1", "negation_type": "verbal", "semantic_type": "analytic", "syntactic_scope": "clausal", "isDistractor": false, "label": false, "sentence": "Raising is not commonly done by parents."}
{"test_id": "2-1", "negation_type": "verbal", "semantic_type": "analytic", "syntactic_scope": "clausal", "isDistractor": true, "label": true, "sentence": "Raising is not commonly done by services."}
{"test_id": "1-1", "negation_type": "affirmation", "semantic_type": "none", "syntactic_scope": "none", "isDistractor": false, "label": true, "sentence": "Visiting is commonly done by visitors."}
{"test_id": "1-1", "negation_type": "affirmation", "semantic_type": "none", "syntactic_scope": "none", "isDistractor": true, "label": false, "sentence": "Visiting is commonly done by stands."}
{"test_id": "2-1", "negation_type": "verbal", "semantic_type": "analytic", "syntactic_scope": "clausal", "isDistractor": false, "label": false, "sentence": "Visiting is not commonly done by visitors."}
{"test_id": "2-1", "negation_type": "verbal", "semantic_type": "analytic", "syntactic_scope": "clausal", "isDistractor": true, "label": true, "sentence": "Visiting is not commonly done by stands."}
{"test_id": "1-1", "negation_type": "affirmation", "semantic_type": "none", "syntactic_scope": "none", "isDistractor": false, "label": true, "sentence": "Supposing is commonly done by theorists."}
{"test_id": "1-1", "negation_type": "affirmation", "semantic_type": "none", "syntactic_scope": "none", "isDistractor": true, "label": false, "sentence": "Supposing is commonly done by weaknesses."}
{"test_id": "2-1", "negation_type": "verbal", "semantic_type": "analytic", "syntactic_scope": "clausal", "isDistractor": false, "label": false, "sentence": "Supposing is not commonly done by theorists."}
{"test_id": "2-1", "negation_type": "verbal", "semantic_type": "analytic", "syntactic_scope": "clausal", "isDistractor": true, "label": true, "sentence": "Supposing is not commonly done by weaknesses."}
{"test_id": "1-1", "negation_type": "affirmation", "semantic_type": "none", "syntactic_scope": "none", "isDistractor": false, "label": true, "sentence": "Talking is commonly done by speakers."}
{"test_id": "1-1", "negation_type": "affirmation", "semantic_type": "none", "syntactic_scope": "none", "isDistractor": true, "label": false, "sentence": "Talking is commonly done by theories."}
{"test_id": "2-1", "negation_type": "verbal", "semantic_type": "analytic", "syntactic_scope": "clausal", "isDistractor": false, "label": false, "sentence": "Talking is not commonly done by speakers."}
{"test_id": "2-1", "negation_type": "verbal", "semantic_type": "analytic", "syntactic_scope": "clausal", "isDistractor": true, "label": true, "sentence": "Talking is not commonly done by theories."}
{"test_id": "1-1", "negation_type": "affirmation", "semantic_type": "none", "syntactic_scope": "none", "isDistractor": false, "label": true, "sentence": "Walking is commonly done by pedestrians."}
{"test_id": "1-1", "negation_type": "affirmation", "semantic_type": "none", "syntactic_scope": "none", "isDistractor": true, "label": false, "sentence": "Walking is commonly done by traditions."}
{"test_id": "2-1", "negation_type": "verbal", "semantic_type": "analytic", "syntactic_scope": "clausal", "isDistractor": false, "label": false, "sentence": "Walking is not commonly done by pedestrians."}
{"test_id": "2-1", "negation_type": "verbal", "semantic_type": "analytic", "syntactic_scope": "clausal", "isDistractor": true, "label": true, "sentence": "Walking is not commonly done by traditions."}
{"test_id": "1-1", "negation_type": "affirmation", "semantic_type": "none", "syntactic_scope": "none", "isDistractor": false, "label": true, "sentence": "Healing is commonly done by therapists."}
{"test_id": "1-1", "negation_type": "affirmation", "semantic_type": "none", "syntactic_scope": "none", "isDistractor": true, "label": false, "sentence": "Healing is commonly done by drifts."}
{"test_id": "2-1", "negation_type": "verbal", "semantic_type": "analytic", "syntactic_scope": "clausal", "isDistractor": false, "label": false, "sentence": "Healing is not commonly done by therapists."}
{"test_id": "2-1", "negation_type": "verbal", "semantic_type": "analytic", "syntactic_scope": "clausal", "isDistractor": true, "label": true, "sentence": "Healing is not commonly done by drifts."}
