{"test_id": "1-1", "negation_type": "affirmation", "semantic_type": "none", "syntactic_scope": "none", "isDistractor": false, "label": true, "sentence": "A telephone is commonly used for calling."}
{"test_id": "1-1", "negation_type": "affirmation", "semantic_type": "none", "syntactic_scope": "none", "isDistractor": true, "label": false, "sentence": "A telephone is commonly used for rubbing."}
{"test_id": "1-2", "negation_type": "affirmation", "semantic_type": "none", "syntactic_scope": "none", "isDistractor": false, "label": true, "sentence": "A telephone is commonly needed for calling."}
{"test_id": "1-2", "negation_type": "affirmation", "semantic_type": "none", "syntactic_scope": "none", "isDistractor": true, "label": false, "sentence": "A telephone is commonly needed for rubbing."}
{"test_id": "1-3", "negation_type": "affirmation", "semantic_type": "none", "syntactic_scope": "none", "isDistractor": false, "label": true, "sentence": "A telephone may be used for calling."}
{"test_id": "1-3", "negation_type": "affirmation", "semantic_type": "none", "syntactic_scope": "none", "isDistractor": true, "label": false, "sentence": "A telephone may be used for rubbing."}
{"test_id": "1-4", "negation_type": "affirmation", "semantic_type": "none", "syntactic_scope": "none", "isDistractor": false, "label": true, "sentence": "A telephone may be needed for calling."}
{"test_id": "1-4", "negation_type": "affirmation", "semantic_type": "none", "syntactic_scope": "none", "isDistractor": true, "label": false, "sentence": "A telephone may be needed for rubbing."}
{"test_id": "2-1", "negation_type": "verbal", "semantic_type": "analytic", "syntactic_scope": "clausal", "isDistractor": false, "label": false, "sentence": "A telephone is not commonly used for calling in any context."}
{"test_id": "2-1", "negation_type": "verbal", "semantic_type": "analytic", "syntactic_scope": "clausal", "isDistractor": true, "label": true, "sentence": "A telephone is not commonly used for rubbing in any context."}
{"test_id": "2-2", "negation_type": "verbal", "semantic_type": "analytic", "syntactic_scope": "clausal", "isDistractor": false, "label": false, "sentence": "A telephone is not commonly needed for calling in any context."}
{"test_id": "2-2", "negation_type": "verbal", "semantic_type": "analytic", "syntactic_scope": "clausal", "isDistractor": true, "label": true, "sentence": "A telephone is not commonly needed for rubbing in any context."}
{"test_id": "2-3", "negation_type": "verbal", "semantic_type": "analytic", "syntactic_scope": "clausal", "isDistractor": false, "label": false, "sentence": "A telephone may not be used for calling in any context."}
{"test_id": "2-3", "negation_type": "verbal", "semantic_type": "analytic", "syntactic_scope": "clausal", "isDistractor": true, "label": true, "sentence": "A telephone may not be used for rubbing in any context."}
{"test_id": "2-4", "negation_type": "verbal", "semantic_type": "analytic", "syntactic_scope": "clausal", "isDistractor": false, "label": false, "sentence": "A telephone may not be needed for calling in any context."}
{"test_id": "2-4", "negation_type": "verbal", "semantic_type": "analytic", "syntactic_scope": "clausal", "isDistractor": true, "label": true, "sentence": "A telephone may not be needed for rubbing in any context."}
{"test_id": "3-1", "negation_type": "non_verbal", "semantic_type": "analytic", "syntactic_scope": "subclausal", "isDistractor": false, "label": false, "sentence": "A telephone is used for calling in no context."}
{"test_id": "3-1", "negation_type": "non_verbal", "semantic_type": "analytic", "syntactic_scope": "subclausal", "isDistractor": true, "label": true, "sentence": "A telephone is used for rubbing in no context."}
{"test_id": "3-2", "negation_type": "non_verbal", "semantic_type": "analytic", "syntactic_scope": "subclausal", "isDistractor": false, "label": false, "sentence": "A telephone is needed for calling in no context."}
{"test_id": "3-2", "negation_type": "non_verbal", "semantic_type": "analytic", "syntactic_scope": "subclausal", "isDistractor": true, "label": true, "sentence": "A telephone is needed for rubbing in no context."}
{"test_id": "3-3", "negation_type": "non_verbal", "semantic_type": "analytic", "syntactic_scope": "subclausal", "isDistractor": false, "label": false, "sentence": "A telephone may be used for calling in no context."}
{"test_id": "3-3", "negation_type": "non_verbal", "semantic_type": "analytic", "syntactic_scope": "subclausal", "isDistractor": true, "label": true, "sentence": "A telephone may be used for rubbing in no context."}
{"test_id": "3-4", "negation_type": "non_verbal", "semantic_type": "analytic", "syntactic_scope": "subclausal", "isDistractor": false, "label": false, "sentence": "A telephone may be needed for calling in no context."}
{"test_id": "3-4", "negation_type": "non_verbal", "semantic_type": "analytic", "syntactic_scope": "subclausal", "isDistractor": true, "label": true, "sentence": "A telephone may be needed for rubbing in no context."}
{"test_id": "4-1", "negation_type": "non_verbal", "semantic_type": "synthetic", "syntactic_scope": "subclausal", "isDistractor": false, "label": false, "sentence": "A telephone should never be used for calling."}
{"test_id": "4-1", "negation_type": "non_verbal", "semantic_type": "synthetic", "syntactic_scope": "subclausal", "isDistractor": true, "label": true, "sentence": "A telephone should never be used for rubbing."}
{"test_id": "4-2", "negation_type": "non_verbal", "semantic_type": "synthetic", "syntactic_scope": "subclausal", "isDistractor": false, "label": false, "sentence": "A telephone should never be needed for calling."}
{"test_id": "4-2", "negation_type": "non_verbal", "semantic_type": "synthetic", "syntactic_scope": "subclausal", "isDistractor": true, "label": true, "sentence": "A telephone should never be needed for rubbing."}
{"test_id": "5-1", "negation_type": "non_verbal", "semantic_type": "analytic", "syntactic_scope": "subclausal", "isDistractor": false, "label": false, "sentence": "No telephone is commonly used for calling."}
{"test_id": "5-1", "negation_type": "non_verbal", "semantic_type": "analytic", "syntactic_scope": "subclausal", "isDistractor": true, "label": true, "sentence": "No telephone is commonly used for rubbing."}
{"test_id": "5-2", "negation_type": "non_verbal", "semantic_type": "analytic", "syntactic_scope": "subclausal", "isDistractor": false, "label": false, "sentence": "No telephone is commonly needed for calling."}
{"test_id": "5-2", "negation_type": "non_verbal", "semantic_type": "analytic", "syntactic_scope": "subclausal", "isDistractor": true, "label": true, "sentence": "No telephone is commonly needed for rubbing."}
{"test_id": "5-3", "negation_type": "non_verbal", "semantic_type": "analytic", "syntactic_scope": "subclausal", "isDistractor": false, "label": false, "sentence": "No telephone may be used for calling."}
{"test_id": "5-3", "negation_type": "non_verbal", "semantic_type": "analytic", "syntactic_scope": "subclausal", "isDistractor": true, "label": true, "sentence": "No telephone may be used for rubbing."}
{"test_id": "5-4", "negation_type": "non_verbal", "semantic_type": "analytic", "syntactic_scope": "subclausal", "isDistractor": false, "label": false, "sentence": "No telephone may be needed for calling."}
{"test_id": "5-4", "negation_type": "non_verbal", "semantic_type": "analytic", "syntactic_scope": "subclausal", "isDistractor": true, "label": true, "sentence": "No telephone may be needed for rubbing."}
{"test_id": "6-1", "negation_type": "non_verbal", "semantic_type": "analytic", "syntactic_scope": "subclausal", "isDistractor": false, "label": false, "sentence": "Not a single telephone is commonly used for calling."}
{"test_id": "6-1", "negation_type": "non_verbal", "semantic_type": "analytic", "syntactic_scope": "subclausal", "isDistractor": true, "label": true, "sentence": "Not a single telephone is commonly used for rubbing."}
{"test_id": "6-2", "negation_type": "non_verbal", "semantic_type": "analytic", "syntactic_scope": "subclausal", "isDistractor": false, "label": false, "sentence": "Not a single telephone is commonly needed for calling."}
{"test_id": "6-2", "negation_type": "non_verbal", "semantic_type": "analytic", "syntactic_scope": "subclausal", "isDistractor": true, "label": true, "sentence": "Not a single telephone is commonly needed for rubbing."}
{"test_id": "6-3", "negation_type": "non_verbal", "semantic_type": "analytic", "syntactic_scope": "subclausal", "isDistractor": false, "label": false, "sentence": "Not a single telephone may be used for calling."}
{"test_id": "6-3", "negation_type": "non_verbal", "semantic_type": "analytic", "syntactic_scope": "subclausal", "isDistractor": true, "label": true, "sentence": "Not a single telephone may be used for rubbing."}
{"test_id": "6-4", "negation_type": "non_verbal", "semantic_type": "analytic", "syntactic_scope": "subclausal", "isDistractor": false, "label": false, "sentence": "Not a single telephone may be needed for calling."}
{"test_id": "6-4", "negation_type": "non_verbal", "semantic_type": "analytic", "syntactic_scope": "subclausal", "isDistractor": true, "label": true, "sentence": "Not a single telephone may be needed for rubbing."}
{"test_id": "7-1", "negation_type": "non_verbal", "semantic_type": "analytic", "syntactic_scope": "subclausal", "isDistractor": false, "label": false, "sentence": "In no context a telephone is used for calling."}
{"test_id": "7-1", "negation_type": "non_verbal", "semantic_type": "analytic", "syntactic_scope": "subclausal", "isDistractor": true, "label": true, "sentence": "In no context a telephone is used for rubbing."}
{"test_id": "7-2", "negation_type": "non_verbal", "semantic_type": "analytic", "syntactic_scope": "subclausal", "isDistractor": false, "label": false, "sentence": "In no context a telephone is needed for calling."}
{"test_id": "7-2", "negation_type": "non_verbal", "semantic_type": "analytic", "syntactic_scope": "subclausal", "isDistractor": true, "label": true, "sentence": "In no context a telephone is needed for rubbing."}
{"test_id": "7-3", "negation_type": "non_verbal", "semantic_type": "analytic", "syntactic_scope": "subclausal", "isDistractor": false, "label": false, "sentence": "In no context a telephone should be used for calling."}
{"test_id": "7-3", "negation_type": "non_verbal", "semantic_type": "analytic", "syntactic_scope": "subclausal", "isDistractor": true, "label": true, "sentence": "In no context a telephone should be used for rubbing."}
{"test_id": "7-4", "negation_type": "non_verbal", "semantic_type": "analytic", "syntactic_scope": "subclausal", "isDistractor": false, "label": false, "sentence": "In no context a telephone should be needed for calling."}
{"test_id": "7-4", "negation_type": "non_verbal", "semantic_type": "analytic", "syntactic_scope": "subclausal", "isDistractor": true, "label": true, "sentence": "In no context a telephone should be needed for rubbing."}
{"test_id": "1-1", "negation_type": "affirmation", "semantic_type": "none", "syntactic_scope": "none", "isDistractor": false, "label": true, "sentence": "A lift is commonly used for raising."}
{"test_id": "1-1", "negation_type": "affirmation", "semantic_type": "none", "syntactic_scope": "none", "isDistractor": true, "label": false, "sentence": "A lift is commonly used for standing."}
{"test_id": "1-2", "negation_type": "affirmation", "semantic_type": "none", "syntactic_scope": "none", "isDistractor": false, "label": true, "sentence": "A lift is commonly needed for raising."}
{"test_id": "1-2", "negation_type": "affirmation", "semantic_type": "none", "syntactic_scope": "none", "isDistractor": true, "label": false, "sentence": "A lift is commonly needed for standing."}
{"test_id": "1-3", "negation_type": "affirmation", "semantic_type": "none", "syntactic_scope": "none", "isDistractor": false, "label": true, "sentence": "A lift may be used for raising."}
{"test_id": "1-3", "negation_type": "affirmation", "semantic_type": "none", "syntactic_scope": "none", "isDistractor": true, "label": false, "sentence": "A lift may be used for standing."}
{"test_id": "1-4", "negation_type": "affirmation", "semantic_type": "none", "syntactic_scope": "none", "isDistractor": false, "label": true, "sentence": "A lift may be needed for raising."}
{"test_id": "1-4", "negation_type": "affirmation", "semantic_type": "none", "syntactic_scope": "none", "isDistractor": true, "label": false, "sentence": "A lift may be needed for standing."}
{"test_id": "2-1", "negation_type": "verbal", "semantic_type": "analytic", "syntactic_scope": "clausal", "isDistractor": false, "label": false, "sentence": "A lift is not commonly used for raising in any context."}
{"test_id": "2-1", "negation_type": "verbal", "semantic_type": "analytic", "syntactic_scope": "clausal", "isDistractor": true, "label": true, "sentence": "A lift is not commonly used for standing in any context."}
{"test_id": "2-2", "negation_type": "verbal", "semantic_type": "analytic", "syntactic_scope": "clausal", "isDistractor": false, "label": false, "sentence": "A lift is not commonly needed for raising in any context."}
{"test_id": "2-2", "negation_type": "verbal", "semantic_type": "analytic", "syntactic_scope": "clausal", "isDistractor": true, "label": true, "sentence": "A lift is not commonly needed for standing in any context."}
{"test_id": "2-3", "negation_type": "verbal", "semantic_type": "analytic", "syntactic_scope": "clausal", "isDistractor": false, "label": false, "sentence": "A lift may not be used for raising in any context."}
{"test_id": "2-3", "negation_type": "verbal", "semantic_type": "analytic", "syntactic_scope": "clausal", "isDistractor": true, "label": true, "sentence": "A lift may not be used for standing in any context."}
{"test_id": "2-4", "negation_type": "verbal", "semantic_type": "analytic", "syntactic_scope": "clausal", "isDistractor": false, "label": false, "sentence": "A lift may not be needed for raising in any context."}
{"test_id": "2-4", "negation_type": "verbal", "semantic_type": "analytic", "syntactic_scope": "clausal", "isDistractor": true, "label": true, "sentence": "A lift may not be needed for standing in any context."}
{"test_id": "3-1", "negation_type": "non_verbal", "semantic_type": "analytic", "syntactic_scope": "subclausal", "isDistractor": false, "label": false, "sentence": "A lift is used for raising in no context."}
{"test_id": "3-1", "negation_type": "non_verbal", "semantic_type": "analytic", "syntactic_scope": "subclausal", "isDistractor": true, "label": true, "sentence": "A lift is used for standing in no context."}
{"test_id": "3-2", "negation_type": "non_verbal", "semantic_type": "analytic", "syntactic_scope": "subclausal", "isDistractor": false, "label": false, "sentence": "A lift is needed for raising in no context."}
{"test_id": "3-2", "negation_type": "non_verbal", "semantic_type": "analytic", "syntactic_scope": "subclausal", "isDistractor": true, "label": true, "sentence": "A lift is needed for standing in no context."}
{"test_id": "3-3", "negation_type": "non_verbal", "semantic_type": "analytic", "syntactic_scope": "subclausal", "isDistractor": false, "label": false, "sentence": "A lift may be used for raising in no context."}
{"test_id": "3-3", "negation_type": "non_verbal", "semantic_type": "analytic", "syntactic_scope": "subclausal", "isDistractor": true, "label": true, "sentence": "A lift may be used for standing in no context."}
{"test_id": "3-4", "negation_type": "non_verbal", "semantic_type": "analytic", "syntactic_scope": "subclausal", "isDistractor": false, "label": false, "sentence": "A lift may be needed for raising in no context."}
{"test_id": "3-4", "negation_type": "non_verbal", "semantic_type": "analytic", "syntactic_scope": "subclausal", "isDistractor": true, "label": true, "sentence": "A lift may be needed for standing in no context."}
{"test_id": "4-1", "negation_type": "non_verbal", "semantic_type": "synthetic", "syntactic_scope": "subclausal", "isDistractor": false, "label": false, "sentence": "A lift should never be used for raising."}
{"test_id": "4-1", "negation_type": "non_verbal", "semantic_type": "synthetic", "syntactic_scope": "subclausal", "isDistractor": true, "label": true, "sentence": "A lift should never be used for standing."}
{"test_id": "4-2", "negation_type": "non_verbal", "semantic_type": "synthetic", "syntactic_scope": "subclausal", "isDistractor": false, "label": false, "sentence": "A lift should never be needed for raising."}
{"test_id": "4-2", "negation_type": "non_verbal", "semantic_type": "synthetic", "syntactic_scope": "subclausal", "isDistractor": true, "label": true, "sentence": "A lift should never be needed for standing."}
{"test_id": "5-1", "negation_type": "non_verbal", "semantic_type": "analytic", "syntactic_scope": "subclausal", "isDistractor": false, "label": false, "sentence": "No lift is commonly used for raising."}
{"test_id": "5-1", "negation_type": "non_verbal", "semantic_type": "analytic", "syntactic_scope": "subclausal", "isDistractor": true, "label": true, "sentence": "No lift is commonly used for standing."}
{"test_id": "5-2", "negation_type": "non_verbal", "semantic_type": "analytic", "syntactic_scope": "subclausal", "isDistractor": false, "label": false, "sentence": "No lift is commonly needed for raising."}
{"test_id": "5-2", "negation_type": "non_verbal", "semantic_type": "analytic", "syntactic_scope": "subclausal", "isDistractor": true, "label": true, "sentence": "No lift is commonly needed for standing."}
{"test_id": "5-3", "negation_type": "non_verbal", "semantic_type": "analytic", "syntactic_scope": "subclausal", "isDistractor": false, "label": false, "sentence": "No lift may be used for raising."}
{"test_id": "5-3", "negation_type": "non_verbal", "semantic_type": "analytic", "syntactic_scope": "subclausal", "isDistractor": true, "label": true, "sentence": "No lift may be used for standing."}
{"test_id": "5-4", "negation_type": "non_verbal", "semantic_type": "analytic", "syntactic_scope": "subclausal", "isDistractor": false, "label": false, "sentence": "No lift may be needed for raising."}
{"test_id": "5-4", "negation_type": "non_verbal", "semantic_type": "analytic", "syntactic_scope": "subclausal", "isDistractor": true, "label": true, "sentence": "No lift may be needed for standing."}
{"test_id": "6-1", "negation_type": "non_verbal", "semantic_type": "analytic", "syntactic_scope": "subclausal", "isDistractor": false, "label": false, "sentence": "Not a single lift is commonly used for raising."}
{"test_id": "6-1", "negation_type": "non_verbal", "semantic_type": "analytic", "syntactic_scope": "subclausal", "isDistractor": true, "label": true, "sentence": "Not a single lift is commonly used for standing."}
{"test_id": "6-2", "negation_type": "non_verbal", "semantic_type": "analytic", "syntactic_scope": "subclausal", "isDistractor": false, "label": false, "sentence": "Not a single lift is commonly needed for raising."}
{"test_id": "6-2", "negation_type": "non_verbal", "semantic_type": "analytic", "syntactic_scope": "subclausal", "isDistractor": true, "label": true, "sentence": "Not a single lift is commonly needed for standing."}
{"test_id": "6-3", "negation_type": "non_verbal", "semantic_type": "analytic", "syntactic_scope": "subclausal", "isDistractor": false, "label": false, "sentence": "Not a single lift may be used for raising."}
{"test_id": "6-3", "negation_type": "non_verbal", "semantic_type": "analytic", "syntactic_scope": "subclausal", "isDistractor": true, "label": true, "sentence": "Not a single lift may be used for standing."}
{"test_id": "6-4", "negation_type": "non_verbal", "semantic_type": "analytic", "syntactic_scope": "subclausal", "isDistractor": false, "label": false, "sentence": "Not a single lift may be needed for raising."}
{"test_id": "6-4", "negation_type": "non_verbal", "semantic_type": "analytic", "syntactic_scope": "subclausal", "isDistractor": true, "label": true, "sentence": "Not a single lift may be needed for standing."}
{"test_id": "7-1", "negation_type": "non_verbal", "semantic_type": "analytic", "syntactic_scope": "subclausal", "isDistractor": false, "label": false, "sentence": "In no context a lift is used for raising."}
{"test_id": "7-1", "negation_type": "non_verbal", "semantic_type": "analytic", "syntactic_scope": "subclausal", "isDistractor": true, "label": true, "sentence": "In no context a lift is used for standing."}
{"test_id": "7-2", "negation_type": "non_verbal", "semantic_type": "analytic", "syntactic_scope": "subclausal", "isDistractor": false, "label": false, "sentence": "In no context a lift is needed for raising."}
{"test_id": "7-2", "negation_type": "non_verbal", "semantic_type": "analytic", "syntactic_scope": "subclausal", "isDistractor": true, "label": true, "sentence": "In no context a lift is needed for standing."}
{"test_id": "7-3", "negation_type": "non_verbal", "semantic_type": "analytic", "syntactic_scope": "subclausal", "isDistractor": false, "label": false, "sentence": "In no context a lift should be used for raising."}
{"test_id": "7-3", "negation_type": "non_verbal", "semantic_type": "analytic", "syntactic_scope": "subclausal", "isDistractor": true, "label": true, "sentence": "In no context a lift should be used for standing."}
{"test_id": "7-4", "negation_type": "non_verbal", "semantic_type": "analytic", "syntactic_scope": "subclausal", "isDistractor": false, "label": false, "sentence": "In no context a lift should be needed for raising."}
{"test_id": "7-4", "negation_type": "non_verbal", "semantic_type": "analytic", "syntactic_scope": "subclausal", "isDistractor": true, "label": true, "sentence": "In no context a lift should be needed for standing."}
{"test_id": "1-1", "negation_type": "affirmation", "semantic_type": "none", "syntactic_scope": "none", "isDistractor": false, "label": true, "sentence": "A clock is commonly used for timing."}
{"test_id": "1-1", "negation_type": "affirmation", "semantic_type": "none", "syntactic_scope": "none", "isDistractor": true, "label": false, "sentence": "A clock is commonly used for forcing."}
{"test_id": "1-2", "negation_type": "affirmation", "semantic_type": "none", "syntactic_scope": "none", "isDistractor": false, "label": true, "sentence": "A clock is commonly needed for timing."}
{"test_id": "1-2", "negation_type": "affirmation", "semantic_type": "none", "syntactic_scope": "none", "isDistractor": true, "label": false, "sentence": "A clock is commonly needed for forcing."}
{"test_id": "1-3", "negation_type": "affirmation", "semantic_type": "none", "syntactic_scope": "none", "isDistractor": false, "label": true, "sentence": "A clock may be used for timing."}
{"test_id": "1-3", "negation_type": "affirmation", "semantic_type": "none", "syntactic_scope": "none", "isDistractor": true, "label": false, "sentence": "A clock may be used for forcing."}
{"test_id": "1-4", "negation_type": "affirmation", "semantic_type": "none", "syntactic_scope": "none", "isDistractor": false, "label": true, "sentence": "A clock may be needed for timing."}
{"test_id": "1-4", "negation_type": "affirmation", "semantic_type": "none", "syntactic_scope": "none", "isDistractor": true, "label": false, "sentence": "A clock may be needed for forcing."}
{"test_id": "2-1", "negation_type": "verbal", "semantic_type": "analytic", "syntactic_scope": "clausal", "isDistractor": false, "label": false, "sentence": "A clock is not commonly used for timing in any context."}
{"test_id": "2-1", "negation_type": "verbal", "semantic_type": "analytic", "syntactic_scope": "clausal", "isDistractor": true, "label": true, "sentence": "A clock is not commonly used for forcing in any context."}
{"test_id": "2-2", "negation_type": "verbal", "semantic_type": "analytic", "syntactic_scope": "clausal", "isDistractor": false, "label": false, "sentence": "A clock is not commonly needed for timing in any context."}
{"test_id": "2-2", "negation_type": "verbal", "semantic_type": "analytic", "syntactic_scope": "clausal", "isDistractor": true, "label": true, "sentence": "A clock is not commonly needed for forcing in any context."}
{"test_id": "2-3", "negation_type": "verbal", "semantic_type": "analytic", "syntactic_scope": "clausal", "isDistractor": false, "label": false, "sentence": "A clock may not be used for timing in any context."}
{"test_id": "2-3", "negation_type": "verbal", "semantic_type": "analytic", "syntactic_scope": "clausal", "isDistractor": true, "label": true, "sentence": "A clock may not be used for forcing in any context."}
{"test_id": "2-4", "negation_type": "verbal", "semantic_type": "analytic", "syntactic_scope": "clausal", "isDistractor": false, "label": false, "sentence": "A clock may not be needed for timing in any context."}
{"test_id": "2-4", "negation_type": "verbal", "semantic_type": "analytic", "syntactic_scope": "clausal", "isDistractor": true, "label": true, "sentence": "A clock may not be needed for forcing in any context."}
{"test_id": "3-1", "negation_type": "non_verbal", "semantic_type": "analytic", "syntactic_scope": "subclausal", "isDistractor": false, "label": false, "sentence": "A clock is used for timing in no context."}
{"test_id": "3-1", "negation_type": "non_verbal", "semantic_type": "analytic", "syntactic_scope": "subclausal", "isDistractor": true, "label": true, "sentence": "A clock is used for forcing in no context."}
{"test_id": "3-2", "negation_type": "non_verbal", "semantic_type": "analytic", "syntactic_scope": "subclausal", "isDistractor": false, "label": false, "sentence": "A clock is needed for timing in no context."}
{"test_id": "3-2", "negation_type": "non_verbal", "semantic_type": "analytic", "syntactic_scope": "subclausal", "isDistractor": true, "label": true, "sentence": "A clock is needed for forcing in no context."}
{"test_id": "3-3", "negation_type": "non_verbal", "semantic_type": "analytic", "syntactic_scope": "subclausal", "isDistractor": false, "label": false, "sentence": "A clock may be used for timing in no context."}
{"test_id": "3-3", "negation_type": "non_verbal", "semantic_type": "analytic", "syntactic_scope": "subclausal", "isDistractor": true, "label": true, "sentence": "A clock may be used for forcing in no context."}
{"test_id": "3-4", "negation_type": "non_verbal", "semantic_type": "analytic", "syntactic_scope": "subclausal", "isDistractor": false, "label": false, "sentence": "A clock may be needed for timing in no context."}
{"test_id": "3-4", "negation_type": "non_verbal", "semantic_type": "analytic", "syntactic_scope": "subclausal", "isDistractor": true, "label": true, "sentence": "A clock may be needed for forcing in no context."}
{"test_id": "4-1", "negation_type": "non_verbal", "semantic_type": "synthetic", "syntactic_scope": "subclausal", "isDistractor": false, "label": false, "sentence": "A clock should never be used for timing."}
{"test_id": "4-1", "negation_type": "non_verbal", "semantic_type": "synthetic", "syntactic_scope": "subclausal", "isDistractor": true, "label": true, "sentence": "A clock should never be used for forcing."}
{"test_id": "4-2", "negation_type": "non_verbal", "semantic_type": "synthetic", "syntactic_scope": "subclausal", "isDistractor": false, "label": false, "sentence": "A clock should never be needed for timing."}
{"test_id": "4-2", "negation_type": "non_verbal", "semantic_type": "synthetic", "syntactic_scope": "subclausal", "isDistractor": true, "label": true, "sentence": "A clock should never be needed for forcing."}
{"test_id": "5-1", "negation_type": "non_verbal", "semantic_type": "analytic", "syntactic_scope": "subclausal", "isDistractor": false, "label": false, "sentence": "No clock is commonly used for timing."}
{"test_id": "5-1", "negation_type": "non_verbal", "semantic_type": "analytic", "syntactic_scope": "subclausal", "isDistractor": true, "label": true, "sentence": "No clock is commonly used for forcing."}
{"test_id": "5-2", "negation_type": "non_verbal", "semantic_type": "analytic", "syntactic_scope": "subclausal", "isDistractor": false, "label": false, "sentence": "No clock is commonly needed for timing."}
{"test_id": "5-2", "negation_type": "non_verbal", "semantic_type": "analytic", "syntactic_scope": "subclausal", "isDistractor": true, "label": true, "sentence": "No clock is commonly needed for forcing."}
{"test_id": "5-3", "negation_type": "non_verbal", "semantic_type": "analytic", "syntactic_scope": "subclausal", "isDistractor": false, "label": false, "sentence": "No clock may be used for timing."}
{"test_id": "5-3", "negation_type": "non_verbal", "semantic_type": "analytic", "syntactic_scope": "subclausal", "isDistractor": true, "label": true, "sentence": "No clock may be used for forcing."}
{"test_id": "5-4", "negation_type": "non_verbal", "semantic_type": "analytic", "syntactic_scope": "subclausal", "isDistractor": false, "label": false, "sentence": "No clock may be needed for timing."}
{"test_id": "5-4", "negation_type": "non_verbal", "semantic_type": "analytic", "syntactic_scope": "subclausal", "isDistractor": true, "label": true, "sentence": "No clock may be needed for forcing."}
{"test_id": "6-1", "negation_type": "non_verbal", "semantic_type": "analytic", "syntactic_scope": "subclausal", "isDistractor": false, "label": false, "sentence": "Not a single clock is commonly used for timing."}
{"test_id": "6-1", "negation_type": "non_verbal", "semantic_type": "analytic", "syntactic_scope": "subclausal", "isDistractor": true, "label": true, "sentence": "Not a single clock is commonly used for forcing."}
{"test_id": "6-2", "negation_type": "non_verbal", "semantic_type": "analytic", "syntactic_scope": "subclausal", "isDistractor": false, "label": false, "sentence": "Not a single clock is commonly needed for timing."}
{"test_id": "6-2", "negation_type": "non_verbal", "semantic_type": "analytic", "syntactic_scope": "subclausal", "isDistractor": true, "label": true, "sentence": "Not a single clock is commonly needed for forcing."}
{"test_id": "6-3", "negation_type": "non_verbal", "semantic_type": "analytic", "syntactic_scope": "subclausal", "isDistractor": false, "label": false, "sentence": "Not a single clock may be used for timing."}
{"test_id": "6-3", "negation_type": "non_verbal", "semantic_type": "analytic", "syntactic_scope": "subclausal", "isDistractor": true, "label": true, "sentence": "Not a single clock may be used for forcing."}
{"test_id": "6-4", "negation_type": "non_verbal", "semantic_type": "analytic", "syntactic_scope": "subclausal", "isDistractor": false, "label": false, "sentence": "Not a single clock may be needed for timing."}
{"test_id": "6-4", "negation_type": "non_verbal", "semantic_type": "analytic", "syntactic_scope": "subclausal", "isDistractor": true, "label": true, "sentence": "Not a single clock may be needed for forcing."}
{"test_id": "7-1", "negation_type": "non_verbal", "semantic_type": "analytic", "syntactic_scope": "subclausal", "isDistractor": false, "label": false, "sentence": "In no context a clock is used for timing."}
{"test_id": "7-1", "negation_type": "non_verbal", "semantic_type": "analytic", "syntactic_scope": "subclausal", "isDistractor": true, "label": true, "sentence": "In no context a clock is used for forcing."}
{"test_id": "7-2", "negation_type": "non_verbal", "semantic_type": "analytic", "syntactic_scope": "subclausal", "isDistractor": false, "label": false, "sentence": "In no context a clock is needed for timing."}
{"test_id": "7-2", "negation_type": "non_verbal", "semantic_type": "analytic", "syntactic_scope": "subclausal", "isDistractor": true, "label": true, "sentence": "In no context a clock is needed for forcing."}
{"test_id": "7-3", "negation_type": "non_verbal", "semantic_type": "analytic", "syntactic_scope": "subclausal", "isDistractor": false, "label": false, "sentence": "In no context a clock should be used for timing."}
{"test_id": "7-3", "negation_type": "non_verbal", "semantic_type": "analytic", "syntactic_scope": "subclausal", "isDistractor": true, "label": true, "sentence": "In no context a clock should be used for forcing."}
{"test_id": "7-4", "negation_type": "non_verbal", "semantic_type": "analytic", "syntactic_scope": "subclausal", "isDistractor": false, "label": false, "sentence": "In no context a clock should be needed for timing."}
{"test_id": "7-4", "negation_type": "non_verbal", "semantic_type": "analytic", "syntactic_scope": "subclausal", "isDistractor": true, "label": true, "sentence": "In no context a clock should be needed for forcing."}
{"test_id": "1-1", "negation_type": "affirmation", "semantic_type": "none", "syntactic_scope": "none", "isDistractor": false, "label": true, "sentence": "A printer is commonly used for printing."}
{"test_id": "1-1", "negation_type": "affirmation", "semantic_type": "none", "syntactic_scope": "none", "isDistractor": true, "label": false, "sentence": "A printer is commonly used for fascinating."}
{"test_id": "1-2", "negation_type": "affirmation", "semantic_type": "none", "syntactic_scope": "none", "isDistractor": false, "label": true, "sentence": "A printer is commonly needed for printing."}
{"test_id": "1-2", "negation_type": "affirmation", "semantic_type": "none", "syntactic_scope": "none", "isDistractor": true, "label": false, "sentence": "A printer is commonly needed for fascinating."}
{"test_id": "1-3", "negation_type": "affirmation", "semantic_type": "none", "syntactic_scope": "none", "isDistractor": false, "label": true, "sentence": "A printer may be used for printing."}
{"test_id": "1-3", "negation_type": "affirmation", "semantic_type": "none", "syntactic_scope": "none", "isDistractor": true, "label": false, "sentence": "A printer may be used for fascinating."}
{"test_id": "1-4", "negation_type": "affirmation", "semantic_type": "none", "syntactic_scope": "none", "isDistractor": false, "label": true, "sentence": "A printer may be needed for printing."}
{"test_id": "1-4", "negation_type": "affirmation", "semantic_type": "none", "syntactic_scope": "none", "isDistractor": true, "label": false, "sentence": "A printer may be needed for fascinating."}
{"test_id": "2-1", "negation_type": "verbal", "semantic_type": "analytic", "syntactic_scope": "clausal", "isDistractor": false, "label": false, "sentence": "A printer is not commonly used for printing in any context."}
{"test_id": "2-1", "negation_type": "verbal", "semantic_type": "analytic", "syntactic_scope": "clausal", "isDistractor": true, "label": true, "sentence": "A printer is not commonly used for fascinating in any context."}
{"test_id": "2-2", "negation_type": "verbal", "semantic_type": "analytic", "syntactic_scope": "clausal", "isDistractor": false, "label": false, "sentence": "A printer is not commonly needed for printing in any context."}
{"test_id": "2-2", "negation_type": "verbal", "semantic_type": "analytic", "syntactic_scope": "clausal", "isDistractor": true, "label": true, "sentence": "A printer is not commonly needed for fascinating in any context."}
{"test_id": "2-3", "negation_type": "verbal", "semantic_type": "analytic", "syntactic_scope": "clausal", "isDistractor": false, "label": false, "sentence": "A printer may not be used for printing in any context."}
{"test_id": "2-3", "negation_type": "verbal", "semantic_type": "analytic", "syntactic_scope": "clausal", "isDistractor": true, "label": true, "sentence": "A printer may not be used for fascinating in any context."}
{"test_id": "2-4", "negation_type": "verbal", "semantic_type": "analytic", "syntactic_scope": "clausal", "isDistractor": false, "label": false, "sentence": "A printer may not be needed for printing in any context."}
{"test_id": "2-4", "negation_type": "verbal", "semantic_type": "analytic", "syntactic_scope": "clausal", "isDistractor": true, "label": true, "sentence": "A printer may not be needed for fascinating in any context."}
{"test_id": "3-1", "negation_type": "non_verbal", "semantic_type": "analytic", "syntactic_scope": "subclausal", "isDistractor": false, "label": false, "sentence": "A printer is used for printing in no context."}
{"test_id": "3-1", "negation_type": "non_verbal", "semantic_type": "analytic", "syntactic_scope": "subclausal", "isDistractor": true, "label": true, "sentence": "A printer is used for fascinating in no context."}
{"test_id": "3-2", "negation_type": "non_verbal", "semantic_type": "analytic", "syntactic_scope": "subclausal", "isDistractor": false, "label": false, "sentence": "A printer is needed for printing in no context."}
{"test_id": "3-2", "negation_type": "non_verbal", "semantic_type": "analytic", "syntactic_scope": "subclausal", "isDistractor": true, "label": true, "sentence": "A printer is needed for fascinating in no context."}
{"test_id": "3-3", "negation_type": "non_verbal", "semantic_type": "analytic", "syntactic_scope": "subclausal", "isDistractor": false, "label": false, "sentence": "A printer may be used for printing in no context."}
{"test_id": "3-3", "negation_type": "non_verbal", "semantic_type": "analytic", "syntactic_scope": "subclausal", "isDistractor": true, "label": true, "sentence": "A printer may be used for fascinating in no context."}
{"test_id": "3-4", "negation_type": "non_verbal", "semantic_type": "analytic", "syntactic_scope": "subclausal", "isDistractor": false, "label": false, "sentence": "A printer may be needed for printing in no context."}
{"test_id": "3-4", "negation_type": "non_verbal", "semantic_type": "analytic", "syntactic_scope": "subclausal", "isDistractor": true, "label": true, "sentence": "A printer may be needed for fascinating in no context."}
{"test_id": "4-1", "negation_type": "non_verbal", "semantic_type": "synthetic", "syntactic_scope": "subclausal", "isDistractor": false, "label": false, "sentence": "A printer should never be used for printing."}
{"test_id": "4-1", "negation_type": "non_verbal", "semantic_type": "synthetic", "syntactic_scope": "subclausal", "isDistractor": true, "label": true, "sentence": "A printer should never be used for fascinating."}
{"test_id": "4-2", "negation_type": "non_verbal", "semantic_type": "synthetic", "syntactic_scope": "subclausal", "isDistractor": false, "label": false, "sentence": "A printer should never be needed for printing."}
{"test_id": "4-2", "negation_type": "non_verbal", "semantic_type": "synthetic", "syntactic_scope": "subclausal", "isDistractor": true, "label": true, "sentence": "A printer should never be needed for fascinating."}
{"test_id": "5-1", "negation_type": "non_verbal", "semantic_type": "analytic", "syntactic_scope": "subclausal", "isDistractor": false, "label": false, "sentence": "No printer is commonly used for printing."}
{"test_id": "5-1", "negation_type": "non_verbal", "semantic_type": "analytic", "syntactic_scope": "subclausal", "isDistractor": true, "label": true, "sentence": "No printer is commonly used for fascinating."}
{"test_id": "5-2", "negation_type": "non_verbal", "semantic_type": "analytic", "syntactic_scope": "subclausal", "isDistractor": false, "label": false, "sentence": "No printer is commonly needed for printing."}
{"test_id": "5-2", "negation_type": "non_verbal", "semantic_type": "analytic", "syntactic_scope": "subclausal", "isDistractor": true, "label": true, "sentence": "No printer is commonly needed for fascinating."}
{"test_id": "5-3", "negation_type": "non_verbal", "semantic_type": "analytic", "syntactic_scope": "subclausal", "isDistractor": false, "label": false, "sentence": "No printer may be used for printing."}
{"test_id": "5-3", "negation_type": "non_verbal", "semantic_type": "analytic", "syntactic_scope": "subclausal", "isDistractor": true, "label": true, "sentence": "No printer may be used for fascinating."}
{"test_id": "5-4", "negation_type": "non_verbal", "semantic_type": "analytic", "syntactic_scope": "subclausal", "isDistractor": false, "label": false, "sentence": "No printer may be needed for printing."}
{"test_id": "5-4", "negation_type": "non_verbal", "semantic_type": "analytic", "syntactic_scope": "subclausal", "isDistractor": true, "label": true, "sentence": "No printer may be needed for fascinating."}
{"test_id": "6-1", "negation_type": "non_verbal", "semantic_type": "analytic", "syntactic_scope": "subclausal", "isDistractor": false, "label": false, "sentence": "Not a single printer is commonly used for printing."}
{"test_id": "6-1", "negation_type": "non_verbal", "semantic_type": "analytic", "syntactic_scope": "subclausal", "isDistractor": true, "label": true, "sentence": "Not a single printer is commonly used for fascinating."}
{"test_id": "6-2", "negation_type": "non_verbal", "semantic_type": "analytic", "syntactic_scope": "subclausal", "isDistractor": false, "label": false, "sentence": "Not a single printer is commonly needed for printing."}
{"test_id": "6-2", "negation_type": "non_verbal", "semantic_type": "analytic", "syntactic_scope": "subclausal", "isDistractor": true, "label": true, "sentence": "Not a single printer is commonly needed for fascinating."}
{"test_id": "6-3", "negation_type": "non_verbal", "semantic_type": "analytic", "syntactic_scope": "subclausal", "isDistractor": false, "label": false, "sentence": "Not a single printer may be used for printing."}
{"test_id": "6-3", "negation_type": "non_verbal", "semantic_type": "analytic", "syntactic_scope": "subclausal", "isDistractor": true, "label": true, "sentence": "Not a single printer may be used for fascinating."}
{"test_id": "6-4", "negation_type": "non_verbal", "semantic_type": "analytic", "syntactic_scope": "subclausal", "isDistractor": false, "label": false, "sentence": "Not a single printer may be needed for printing."}
{"test_id": "6-4", "negation_type": "non_verbal", "semantic_type": "analytic", "syntactic_scope": "subclausal", "isDistractor": true, "label": true, "sentence": "Not a single printer may be needed for fascinating."}
{"test_id": "7-1", "negation_type": "non_verbal", "semantic_type": "analytic", "syntactic_scope": "subclausal", "isDistractor": false, "label": false, "sentence": "In no context a printer is used for printing."}
{"test_id": "7-1", "negation_type": "non_verbal", "semantic_type": "analytic", "syntactic_scope": "subclausal", "isDistractor": true, "label": true, "sentence": "In no context a printer is used for fascinating."}
{"test_id": "7-2", "negation_type": "non_verbal", "semantic_type": "analytic", "syntactic_scope": "subclausal", "isDistractor": false, "label": false, "sentence": "In no context a printer is needed for printing."}
{"test_id": "7-2", "negation_type": "non_verbal", "semantic_type": "analytic", "syntactic_scope": "subclausal", "isDistractor": true, "label": true, "sentence": "In no context a printer is needed for fascinating."}
{"test_id": "7-3", "negation_type": "non_verbal", "semantic_type": "analytic", "syntactic_scope": "subclausal", "isDistractor": false, "label": false, "sentence": "In no context a printer should be used for printing."}
{"test_id": "7-3", "negation_type": "non_verbal", "semantic_type": "analytic", "syntactic_scope": "subclausal", "isDistractor": true, "label": true, "sentence": "In no context a printer should be used for fascinating."}
{"test_id": "7-4", "negation_type": "non_verbal", "semantic_type": "analytic", "syntactic_scope": "subclausal", "isDistractor": false, "label": false, "sentence": "In no context a printer should be needed for printing."}
{"test_id": "7-4", "negation_type": "non_verbal", "semantic_type": "analytic", "syntactic_scope": "subclausal", "isDistractor": true, "label": true, "sentence": "In no context a printer should be needed for fascinating."}
