{"test_id": "1-1", "negation_type": "affirmation", "semantic_type": "none", "syntactic_scope": "none", "isDistractor": false, "label": true, "sentence": "A kettle is commonly used for boiling."}
{"test_id": "1-1", "negation_type": "affirmation", "semantic_type": "none", "syntactic_scope": "none", "isDistractor": true, "label": false, "sentence": "A kettle is commonly used for producing."}
{"test_id": "1-2", "negation_type": "affirmation", "semantic_type": "none", "syntactic_scope": "none", "isDistractor": false, "label": true, "sentence": "A kettle is commonly needed for boiling."}
{"test_id": "1-2", "negation_type": "affirmation", "semantic_type": "none", "syntactic_scope": "none", "isDistractor": true, "label": false, "sentence": "A kettle is commonly needed for producing."}
{"test_id": "1-3", "negation_type": "affirmation", "semantic_type": "none", "syntactic_scope": "none", "isDistractor": false, "label": true, "sentence": "A kettle may be used for boiling."}
{"test_id": "1-3", "negation_type": "affirmation", "semantic_type": "none", "syntactic_scope": "none", "isDistractor": true, "label": false, "sentence": "A kettle may be used for producing."}
{"test_id": "1-4", "negation_type": "affirmation", "semantic_type": "none", "syntactic_scope": "none", "isDistractor": false, "label": true, "sentence": "A kettle may be needed for boiling."}
{"test_id": "1-4", "negation_type": "affirmation", "semantic_type": "none", "syntactic_scope": "none", "isDistractor": true, "label": false, "sentence": "A kettle may be needed for producing."}
{"test_id": "2-1", "negation_type": "verbal", "semantic_type": "analytic", "syntactic_scope": "clausal", "isDistractor": false, "label": false, "sentence": "A kettle is not commonly used for boiling in any context."}
{"test_id": "2-1", "negation_type": "verbal", "semantic_type": "analytic", "syntactic_scope": "clausal", "isDistractor": true, "label": true, "sentence": "A kettle is not commonly used for producing in any context."}
{"test_id": "2-2", "negation_type": "verbal", "semantic_type": "analytic", "syntactic_scope": "clausal", "isDistractor": false, "label": false, "sentence": "A kettle is not commonly needed for boiling in any context."}
{"test_id": "2-2", "negation_type": "verbal", "semantic_type": "analytic", "syntactic_scope": "clausal", "isDistractor": true, "label": true, "sentence": "A kettle is not commonly needed for producing in any context."}
{"test_id": "2-3", "negation_type": "verbal", "semantic_type": "analytic", "syntactic_scope": "clausal", "isDistractor": false, "label": false, "sentence": "A kettle may not be used for boiling in any context."}
{"test_id": "2-3", "negation_type": "verbal", "semantic_type": "analytic", "syntactic_scope": "clausal", "isDistractor": true, "label": true, "sentence": "A kettle may not be used for producing in any context."}
{"test_id": "2-4", "negation_type": "verbal", "semantic_type": "analytic", "syntactic_scope": "clausal", "isDistractor": false, "label": false, "sentence": "A kettle may not be needed for boiling in any context."}
{"test_id": "2-4", "negation_type": "verbal", "semantic_type": "analytic", "syntactic_scope": "clausal", "isDistractor": true, "label": true, "sentence": "A kettle may not be needed for producing in any context."}
{"test_id": "3-1", "negation_type": "non_verbal", "semantic_type": "analytic", "syntactic_scope": "subclausal", "isDistractor": false, "label": false, "sentence": "A kettle is used for boiling in no context."}
{"test_id": "3-1", "negation_type": "non_verbal", "semantic_type": "analytic", "syntactic_scope": "subclausal", "isDistractor": true, "label": true, "sentence": "A kettle is used for producing in no context."}
{"test_id": "3-2", "negation_type": "non_verbal", "semantic_type": "analytic", "syntactic_scope": "subclausal", "isDistractor": false, "label": false, "sentence": "A kettle is needed for boiling in no context."}
{"test_id": "3-2", "negation_type": "non_verbal", "semantic_type": "analytic", "syntactic_scope": "subclausal", "isDistractor": true, "label": true, "sentence": "A kettle is needed for producing in no context."}
{"test_id": "3-3", "negation_type": "non_verbal", "semantic_type": "analytic", "syntactic_scope": "subclausal", "isDistractor": false, "label": false, "sentence": "A kettle may be used for boiling in no context."}
{"test_id": "3-3", "negation_type": "non_verbal", "semantic_type": "analytic", "syntactic_scope": "subclausal", "isDistractor": true, "label": true, "sentence": "A kettle may be used for producing in no context."}
{"test_id": "3-4", "negation_type": "non_verbal", "semantic_type": "analytic", "syntactic_scope": "subclausal", "isDistractor": false, "label": false, "sentence": "A kettle may be needed for boiling in no context."}
{"test_id": "3-4", "negation_type": "non_verbal", "semantic_type": "analytic", "syntactic_scope": "subclausal", "isDistractor": true, "label": true, "sentence": "A kettle may be needed for producing in no context."}
{"test_id": "4-1", "negation_type": "non_verbal", "semantic_type": "synthetic", "syntactic_scope": "subclausal", "isDistractor": false, "label": false, "sentence": "A kettle should never be used for boiling."}
{"test_id": "4-1", "negation_type": "non_verbal", "semantic_type": "synthetic", "syntactic_scope": "subclausal", "isDistractor": true, "label": true, "sentence": "A kettle should never be used for producing."}
{"test_id": "4-2", "negation_type": "non_verbal", "semantic_type": "synthetic", "syntactic_scope": "subclausal", "isDistractor": false, "label": false, "sentence": "A kettle should never be needed for boiling."}
{"test_id": "4-2", "negation_type": "non_verbal", "semantic_type": "synthetic", "syntactic_scope": "subclausal", "isDistractor": true, "label": true, "sentence": "A kettle should never be needed for producing."}
{"test_id": "5-1", "negation_type": "non_verbal", "semantic_type": "analytic", "syntactic_scope": "subclausal", "isDistractor": false, "label": false, "sentence": "No kettle is commonly used for boiling."}
{"test_id": "5-1", "negation_type": "non_verbal", "semantic_type": "analytic", "syntactic_scope": "subclausal", "isDistractor": true, "label": true, "sentence": "No kettle is commonly used for producing."}
{"test_id": "5-2", "negation_type": "non_verbal", "semantic_type": "analytic", "syntactic_scope": "subclausal", "isDistractor": false, "label": false, "sentence": "No kettle is commonly needed for boiling."}
{"test_id": "5-2", "negation_type": "non_verbal", "semantic_type": "analytic", "syntactic_scope": "subclausal", "isDistractor": true, "label": true, "sentence": "No kettle is commonly needed for producing."}
{"test_id": "5-3", "negation_type": "non_verbal", "semantic_type": "analytic", "syntactic_scope": "subclausal", "isDistractor": false, "label": false, "sentence": "No kettle may be used for boiling."}
{"test_id": "5-3", "negation_type": "non_verbal", "semantic_type": "analytic", "syntactic_scope": "subclausal", "isDistractor": true, "label": true, "sentence": "No kettle may be used for producing."}
{"test_id": "5-4", "negation_type": "non_verbal", "semantic_type": "analytic", "syntactic_scope": "subclausal", "isDistractor": false, "label": false, "sentence": "No kettle may be needed for boiling."}
{"test_id": "5-4", "negation_type": "non_verbal", "semantic_type": "analytic", "syntactic_scope": "subclausal", "isDistractor": true, "label": true, "sentence": "No kettle may be needed for producing."}
{"test_id": "6-1", "negation_type": "non_verbal", "semantic_type": "analytic", "syntactic_scope": "subclausal", "isDistractor": false, "label": false, "sentence": "Not a single kettle is commonly used for boiling."}
{"test_id": "6-1", "negation_type": "non_verbal", "semantic_type": "analytic", "syntactic_scope": "subclausal", "isDistractor": true, "label": true, "sentence": "Not a single kettle is commonly used for producing."}
{"test_id": "6-2", "negation_type": "non_verbal", "semantic_type": "analytic", "syntactic_scope": "subclausal", "isDistractor": false, "label": false, "sentence": "Not a single kettle is commonly needed for boiling."}
{"test_id": "6-2", "negation_type": "non_verbal", "semantic_type": "analytic", "syntactic_scope": "subclausal", "isDistractor": true, "label": true, "sentence": "Not a single kettle is commonly needed for producing."}
{"test_id": "6-3", "negation_type": "non_verbal", "semantic_type": "analytic", "syntactic_scope": "subclausal", "isDistractor": false, "label": false, "sentence": "Not a single kettle may be used for boiling."}
{"test_id": "6-3", "negation_type": "non_verbal", "semantic_type": "analytic", "syntactic_scope": "subclausal", "isDistractor": true, "label": true, "sentence": "Not a single kettle may be used for producing."}
{"test_id": "6-4", "negation_type": "non_verbal", "semantic_type": "analytic", "syntactic_scope": "subclausal", "isDistractor": false, "label": false, "sentence": "Not a single kettle may be needed for boiling."}
{"test_id": "6-4", "negation_type": "non_verbal", "semantic_type": "analytic", "syntactic_scope": "subclausal", "isDistractor": true, "label": true, "sentence": "Not a single kettle may be needed for producing."}
{"test_id": "7-1", "negation_type": "non_verbal", "semantic_type": "analytic", "syntactic_scope": "subclausal", "isDistractor": false, "label": false, "sentence": "In no context a kettle is used for boiling."}
{"test_id": "7-1", "negation_type": "non_verbal", "semantic_type": "analytic", "syntactic_scope": "subclausal", "isDistractor": true, "label": true, "sentence": "In no context a kettle is used for producing."}
{"test_id": "7-2", "negation_type": "non_verbal", "semantic_type": "analytic", "syntactic_scope": "subclausal", "isDistractor": false, "label": false, "sentence": "In no context a kettle is needed for boiling."}
{"test_id": "7-2", "negation_type": "non_verbal", "semantic_type": "analytic", "syntactic_scope": "subclausal", "isDistractor": true, "label": true, "sentence": "In no context a kettle is needed for producing."}
{"test_id": "7-3", "negation_type": "non_verbal", "semantic_type": "analytic", "syntactic_scope": "subclausal", "isDistractor": false, "label": false, "sentence": "In no context a kettle should be used for boiling."}
{"test_id": "7-3", "negation_type": "non_verbal", "semantic_type": "analytic", "syntactic_scope": "subclausal", "isDistractor": true, "label": true, "sentence": "In no context a kettle should be used for producing."}
{"test_id": "7-4", "negation_type": "non_verbal", "semantic_type": "analytic", "syntactic_scope": "subclausal", "isDistractor": false, "label": false, "sentence": "In no context a kettle should be needed for boiling."}
{"test_id": "7-4", "negation_type": "non_verbal", "semantic_type": "analytic", "syntactic_scope": "subclausal", "isDistractor": true, "label": true, "sentence": "In no context a kettle should be needed for producing."}
{"test_id": "1-1", "negation_type": "affirmation", "semantic_type": "none", "syntactic_scope": "none", "isDistractor": false, "label": true, "sentence": "A lift is commonly used for raising."}
{"test_id": "1-1", "negation_type": "affirmation", "semantic_type": "none", "syntactic_scope": "none", "isDistractor": true, "label": false, "sentence": "A lift is commonly used for standing."}
{"test_id": "1-2", "negation_type": "affirmation", "semantic_type": "none", "syntactic_scope": "none", "isDistractor": false, "label": true, "sentence": "A lift is commonly needed for raising."}
{"test_id": "1-2", "negation_type": "affirmation", "semantic_type": "none", "syntactic_scope": "none", "isDistractor": true, "label": false, "sentence": "A lift is commonly needed for standing."}
{"test_id": "1-3", "negation_type": "affirmation", "semantic_type": "none", "syntactic_scope": "none", "isDistractor": false, "label": true, "sentence": "A lift may be used for raising."}
{"test_id": "1-3", "negation_type": "affirmation", "semantic_type": "none", "syntactic_scope": "none", "isDistractor": true, "label": false, "sentence": "A lift may be used for standing."}
{"test_id": "1-4", "negation_type": "affirmation", "semantic_type": "none", "syntactic_scope": "none", "isDistractor": false, "label": true, "sentence": "A lift may be needed for raising."}
{"test_id": "1-4", "negation_type": "affirmation", "semantic_type": "none", "syntactic_scope": "none", "isDistractor": true, "label": false, "sentence": "A lift may be needed for standing."}
{"test_id": "2-1", "negation_type": "verbal", "semantic_type": "analytic", "syntactic_scope": "clausal", "isDistractor": false, "label": false, "sentence": "A lift is not commonly used for raising in any context."}
{"test_id": "2-1", "negation_type": "verbal", "semantic_type": "analytic", "syntactic_scope": "clausal", "isDistractor": true, "label": true, "sentence": "A lift is not commonly used for standing in any context."}
{"test_id": "2-2", "negation_type": "verbal", "semantic_type": "analytic", "syntactic_scope": "clausal", "isDistractor": false, "label": false, "sentence": "A lift is not commonly needed for raising in any context."}
{"test_id": "2-2", "negation_type": "verbal", "semantic_type": "analytic", "syntactic_scope": "clausal", "isDistractor": true, "label": true, "sentence": "A lift is not commonly needed for standing in any context."}
{"test_id": "2-3", "negation_type": "verbal", "semantic_type": "analytic", "syntactic_scope": "clausal", "isDistractor": false, "label": false, "sentence": "A lift may not be used for raising in any context."}
{"test_id": "2-3", "negation_type": "verbal", "semantic_type": "analytic", "syntactic_scope": "clausal", "isDistractor": true, "label": true, "sentence": "A lift may not be used for standing in any context."}
{"test_id": "2-4", "negation_type": "verbal", "semantic_type": "analytic", "syntactic_scope": "clausal", "isDistractor": false, "label": false, "sentence": "A lift may not be needed for raising in any context."}
{"test_id": "2-4", "negation_type": "verbal", "semantic_type": "analytic", "syntactic_scope": "clausal", "isDistractor": true, "label": true, "sentence": "A lift may not be needed for standing in any context."}
{"test_id": "3-1", "negation_type": "non_verbal", "semantic_type": "analytic", "syntactic_scope": "subclausal", "isDistractor": false, "label": false, "sentence": "A lift is used for raising in no context."}
{"test_id": "3-1", "negation_type": "non_verbal", "semantic_type": "analytic", "syntactic_scope": "subclausal", "isDistractor": true, "label": true, "sentence": "A lift is used for standing in no context."}
{"test_id": "3-2", "negation_type": "non_verbal", "semantic_type": "analytic", "syntactic_scope": "subclausal", "isDistractor": false, "label": false, "sentence": "A lift is needed for raising in no context."}
{"test_id": "3-2", "negation_type": "non_verbal", "semantic_type": "analytic", "syntactic_scope": "subclausal", "isDistractor": true, "label": true, "sentence": "A lift is needed for standing in no context."}
{"test_id": "3-3", "negation_type": "non_verbal", "semantic_type": "analytic", "syntactic_scope": "subclausal", "isDistractor": false, "label": false, "sentence": "A lift may be used for raising in no context."}
{"test_id": "3-3", "negation_type": "non_verbal", "semantic_type": "analytic", "syntactic_scope": "subclausal", "isDistractor": true, "label": true, "sentence": "A lift may be used for standing in no context."}
{"test_id": "3-4", "negation_type": "non_verbal", "semantic_type": "analytic", "syntactic_scope": "subclausal", "isDistractor": false, "label": false, "sentence": "A lift may be needed for raising in no context."}
{"test_id": "3-4", "negation_type": "non_verbal", "semantic_type": "analytic", "syntactic_scope": "subclausal", "isDistractor": true, "label": true, "sentence": "A lift may be needed for standing in no context."}
{"test_id": "4-1", "negation_type": "non_verbal", "semantic_type": "synthetic", "syntactic_scope": "subclausal", "isDistractor": false, "label": false, "sentence": "A lift should never be used for raising."}
{"test_id": "4-1", "negation_type": "non_verbal", "semantic_type": "synthetic", "syntactic_scope": "subclausal", "isDistractor": true, "label": true, "sentence": "A lift should never be used for standing."}
{"test_id": "4-2", "negation_type": "non_verbal", "semantic_type": "synthetic", "syntactic_scope": "subclausal", "isDistractor": false, "label": false, "sentence": "A lift should never be needed for raising."}
{"test_id": "4-2", "negation_type": "non_verbal", "semantic_type": "synthetic", "syntactic_scope": "subclausal", "isDistractor": true, "label": true, "sentence": "A lift should never be needed for standing."}
{"test_id": "5-1", "negation_type": "non_verbal", "semantic_type": "analytic", "syntactic_scope": "subclausal", "isDistractor": false, "label": false, "sentence": "No lift is commonly used for raising."}
{"test_id": "5-1", "negation_type": "non_verbal", "semantic_type": "analytic", "syntactic_scope": "subclausal", "isDistractor": true, "label": true, "sentence": "No lift is commonly used for standing."}
{"test_id": "5-2", "negation_type": "non_verbal", "semantic_type": "analytic", "syntactic_scope": "subclausal", "isDistractor": false, "label": false, "sentence": "No lift is commonly needed for raising."}
{"test_id": "5-2", "negation_type": "non_verbal", "semantic_type": "analytic", "syntactic_scope": "subclausal", "isDistractor": true, "label": true, "sentence": "No lift is commonly needed for standing."}
{"test_id": "5-3", "negation_type": "non_verbal", "semantic_type": "analytic", "syntactic_scope": "subclausal", "isDistractor": false, "label": false, "sentence": "No lift may be used for raising."}
{"test_id": "5-3", "negation_type": "non_verbal", "semantic_type": "analytic", "syntactic_scope": "subclausal", "isDistractor": true, "label": true, "sentence": "No lift may be used for standing."}
{"test_id": "5-4", "negation_type": "non_verbal", "semantic_type": "analytic", "syntactic_scope": "subclausal", "isDistractor": false, "label": false, "sentence": "No lift may be needed for raising."}
{"test_id": "5-4", "negation_type": "non_verbal", "semantic_type": "analytic", "syntactic_scope": "subclausal", "isDistractor": true, "label": true, "sentence": "No lift may be needed for standing."}
{"test_id": "6-1", "negation_type": "non_verbal", "semantic_type": "analytic", "syntactic_scope": "subclausal", "isDistractor": false, "label": false, "sentence": "Not a single lift is commonly used for raising."}
{"test_id": "6-1", "negation_type": "non_verbal", "semantic_type": "analytic", "syntactic_scope": "subclausal", "isDistractor": true, "label": true, "sentence": "Not a single lift is commonly used for standing."}
{"test_id": "6-2", "negation_type": "non_verbal", "semantic_type": "analytic", "syntactic_scope": "subclausal", "isDistractor": false, "label": false, "sentence": "Not a single lift is commonly needed for raising."}
{"test_id": "6-2", "negation_type": "non_verbal", "semantic_type": "analytic", "syntactic_scope": "subclausal", "isDistractor": true, "label": true, "sentence": "Not a single lift is commonly needed for standing."}
{"test_id": "6-3", "negation_type": "non_verbal", "semantic_type": "analytic", "syntactic_scope": "subclausal", "isDistractor": false, "label": false, "sentence": "Not a single lift may be used for raising."}
{"test_id": "6-3", "negation_type": "non_verbal", "semantic_type": "analytic", "syntactic_scope": "subclausal", "isDistractor": true, "label": true, "sentence": "Not a single lift may be used for standing."}
{"test_id": "6-4", "negation_type": "non_verbal", "semantic_type": "analytic", "syntactic_scope": "subclausal", "isDistractor": false, "label": false, "sentence": "Not a single lift may be needed for raising."}
{"test_id": "6-4", "negation_type": "non_verbal", "semantic_type": "analytic", "syntactic_scope": "subclausal", "isDistractor": true, "label": true, "sentence": "Not a single lift may be needed for standing."}
{"test_id": "7-1", "negation_type": "non_verbal", "semantic_type": "analytic", "syntactic_scope": "subclausal", "isDistractor": false, "label": false, "sentence": "In no context a lift is used for raising."}
{"test_id": "7-1", "negation_type": "non_verbal", "semantic_type": "analytic", "syntactic_scope": "subclausal", "isDistractor": true, "label": true, "sentence": "In no context a lift is used for standing."}
{"test_id": "7-2", "negation_type": "non_verbal", "semantic_type": "analytic", "syntactic_scope": "subclausal", "isDistractor": false, "label": false, "sentence": "In no context a lift is needed for raising."}
{"test_id": "7-2", "negation_type": "non_verbal", "semantic_type": "analytic", "syntactic_scope": "subclausal", "isDistractor": true, "label": true, "sentence": "In no context a lift is needed for standing."}
{"test_id": "7-3", "negation_type": "non_verbal", "semantic_type": "analytic", "syntactic_scope": "subclausal", "isDistractor": false, "label": false, "sentence": "In no context a lift should be used for raising."}
{"test_id": "7-3", "negation_type": "non_verbal", "semantic_type": "analytic", "syntactic_scope": "subclausal", "isDistractor": true, "label": true, "sentence": "In no context a lift should be used for standing."}
{"test_id": "7-4", "negation_type": "non_verbal", "semantic_type": "analytic", "syntactic_scope": "subclausal", "isDistractor": false, "label": false, "sentence": "In no context a lift should be needed for raising."}
{"test_id": "7-4", "negation_type": "non_verbal", "semantic_type": "analytic", "syntactic_scope": "subclausal", "isDistractor": true, "label": true, "sentence": "In no context a lift should be needed for standing."}
{"test_id": "1-1", "negation_type": "affirmation", "semantic_type": "none", "syntactic_scope": "none", "isDistractor": false, "label": true, "sentence": "A mill is commonly used for grinding."}
{"test_id": "1-1", "negation_type": "affirmation", "semantic_type": "none", "syntactic_scope": "none", "isDistractor": true, "label": false, "sentence": "A mill is commonly used for jumping."}
{"test_id": "1-2", "negation_type": "affirmation", "semantic_type": "none", "syntactic_scope": "none", "isDistractor": false, "label": true, "sentence": "A mill is commonly needed for grinding."}
{"test_id": "1-2", "negation_type": "affirmation", "semantic_type": "none", "syntactic_scope": "none", "isDistractor": true, "label": false, "sentence": "A mill is commonly needed for jumping."}
{"test_id": "1-3", "negation_type": "affirmation", "semantic_type": "none", "syntactic_scope": "none", "isDistractor": false, "label": true, "sentence": "A mill may be used for grinding."}
{"test_id": "1-3", "negation_type": "affirmation", "semantic_type": "none", "syntactic_scope": "none", "isDistractor": true, "label": false, "sentence": "A mill may be used for jumping."}
{"test_id": "1-4", "negation_type": "affirmation", "semantic_type": "none", "syntactic_scope": "none", "isDistractor": false, "label": true, "sentence": "A mill may be needed for grinding."}
{"test_id": "1-4", "negation_type": "affirmation", "semantic_type": "none", "syntactic_scope": "none", "isDistractor": true, "label": false, "sentence": "A mill may be needed for jumping."}
{"test_id": "2-1", "negation_type": "verbal", "semantic_type": "analytic", "syntactic_scope": "clausal", "isDistractor": false, "label": false, "sentence": "A mill is not commonly used for grinding in any context."}
{"test_id": "2-1", "negation_type": "verbal", "semantic_type": "analytic", "syntactic_scope": "clausal", "isDistractor": true, "label": true, "sentence": "A mill is not commonly used for jumping in any context."}
{"test_id": "2-2", "negation_type": "verbal", "semantic_type": "analytic", "syntactic_scope": "clausal", "isDistractor": false, "label": false, "sentence": "A mill is not commonly needed for grinding in any context."}
{"test_id": "2-2", "negation_type": "verbal", "semantic_type": "analytic", "syntactic_scope": "clausal", "isDistractor": true, "label": true, "sentence": "A mill is not commonly needed for jumping in any context."}
{"test_id": "2-3", "negation_type": "verbal", "semantic_type": "analytic", "syntactic_scope": "clausal", "isDistractor": false, "label": false, "sentence": "A mill may not be used for grinding in any context."}
{"test_id": "2-3", "negation_type": "verbal", "semantic_type": "analytic", "syntactic_scope": "clausal", "isDistractor": true, "label": true, "sentence": "A mill may not be used for jumping in any context."}
{"test_id": "2-4", "negation_type": "verbal", "semantic_type": "analytic", "syntactic_scope": "clausal", "isDistractor": false, "label": false, "sentence": "A mill may not be needed for grinding in any context."}
{"test_id": "2-4", "negation_type": "verbal", "semantic_type": "analytic", "syntactic_scope": "clausal", "isDistractor": true, "label": true, "sentence": "A mill may not be needed for jumping in any context."}
{"test_id": "3-1", "negation_type": "non_verbal", "semantic_type": "analytic", "syntactic_scope": "subclausal", "isDistractor": false, "label": false, "sentence": "A mill is used for grinding in no context."}
{"test_id": "3-1", "negation_type": "non_verbal", "semantic_type": "analytic", "syntactic_scope": "subclausal", "isDistractor": true, "label": true, "sentence": "A mill is used for jumping in no context."}
{"test_id": "3-2", "negation_type": "non_verbal", "semantic_type": "analytic", "syntactic_scope": "subclausal", "isDistractor": false, "label": false, "sentence": "A mill is needed for grinding in no context."}
{"test_id": "3-2", "negation_type": "non_verbal", "semantic_type": "analytic", "syntactic_scope": "subclausal", "isDistractor": true, "label": true, "sentence": "A mill is needed for jumping in no context."}
{"test_id": "3-3", "negation_type": "non_verbal", "semantic_type": "analytic", "syntactic_scope": "subclausal", "isDistractor": false, "label": false, "sentence": "A mill may be used for grinding in no context."}
{"test_id": "3-3", "negation_type": "non_verbal", "semantic_type": "analytic", "syntactic_scope": "subclausal", "isDistractor": true, "label": true, "sentence": "A mill may be used for jumping in no context."}
{"test_id": "3-4", "negation_type": "non_verbal", "semantic_type": "analytic", "syntactic_scope": "subclausal", "isDistractor": false, "label": false, "sentence": "A mill may be needed for grinding in no context."}
{"test_id": "3-4", "negation_type": "non_verbal", "semantic_type": "analytic", "syntactic_scope": "subclausal", "isDistractor": true, "label": true, "sentence": "A mill may be needed for jumping in no context."}
{"test_id": "4-1", "negation_type": "non_verbal", "semantic_type": "synthetic", "syntactic_scope": "subclausal", "isDistractor": false, "label": false, "sentence": "A mill should never be used for grinding."}
{"test_id": "4-1", "negation_type": "non_verbal", "semantic_type": "synthetic", "syntactic_scope": "subclausal", "isDistractor": true, "label": true, "sentence": "A mill should never be used for jumping."}
{"test_id": "4-2", "negation_type": "non_verbal", "semantic_type": "synthetic", "syntactic_scope": "subclausal", "isDistractor": false, "label": false, "sentence": "A mill should never be needed for grinding."}
{"test_id": "4-2", "negation_type": "non_verbal", "semantic_type": "synthetic", "syntactic_scope": "subclausal", "isDistractor": true, "label": true, "sentence": "A mill should never be needed for jumping."}
{"test_id": "5-1", "negation_type": "non_verbal", "semantic_type": "analytic", "syntactic_scope": "subclausal", "isDistractor": false, "label": false, "sentence": "No mill is commonly used for grinding."}
{"test_id": "5-1", "negation_type": "non_verbal", "semantic_type": "analytic", "syntactic_scope": "subclausal", "isDistractor": true, "label": true, "sentence": "No mill is commonly used for jumping."}
{"test_id": "5-2", "negation_type": "non_verbal", "semantic_type": "analytic", "syntactic_scope": "subclausal", "isDistractor": false, "label": false, "sentence": "No mill is commonly needed for grinding."}
{"test_id": "5-2", "negation_type": "non_verbal", "semantic_type": "analytic", "syntactic_scope": "subclausal", "isDistractor": true, "label": true, "sentence": "No mill is commonly needed for jumping."}
{"test_id": "5-3", "negation_type": "non_verbal", "semantic_type": "analytic", "syntactic_scope": "subclausal", "isDistractor": false, "label": false, "sentence": "No mill may be used for grinding."}
{"test_id": "5-3", "negation_type": "non_verbal", "semantic_type": "analytic", "syntactic_scope": "subclausal", "isDistractor": true, "label": true, "sentence": "No mill may be used for jumping."}
{"test_id": "5-4", "negation_type": "non_verbal", "semantic_type": "analytic", "syntactic_scope": "subclausal", "isDistractor": false, "label": false, "sentence": "No mill may be needed for grinding."}
{"test_id": "5-4", "negation_type": "non_verbal", "semantic_type": "analytic", "syntactic_scope": "subclausal", "isDistractor": true, "label": true, "sentence": "No mill may be needed for jumping."}
{"test_id": "6-1", "negation_type": "non_verbal", "semantic_type": "analytic", "syntactic_scope": "subclausal", "isDistractor": false, "label": false, "sentence": "Not a single mill is commonly used for grinding."}
{"test_id": "6-1", "negation_type": "non_verbal", "semantic_type": "analytic", "syntactic_scope": "subclausal", "isDistractor": true, "label": true, "sentence": "Not a single mill is commonly used for jumping."}
{"test_id": "6-2", "negation_type": "non_verbal", "semantic_type": "analytic", "syntactic_scope": "subclausal", "isDistractor": false, "label": false, "sentence": "Not a single mill is commonly needed for grinding."}
{"test_id": "6-2", "negation_type": "non_verbal", "semantic_type": "analytic", "syntactic_scope": "subclausal", "isDistractor": true, "label": true, "sentence": "Not a single mill is commonly needed for jumping."}
{"test_id": "6-3", "negation_type": "non_verbal", "semantic_type": "analytic", "syntactic_scope": "subclausal", "isDistractor": false, "label": false, "sentence": "Not a single mill may be used for grinding."}
{"test_id": "6-3", "negation_type": "non_verbal", "semantic_type": "analytic", "syntactic_scope": "subclausal", "isDistractor": true, "label": true, "sentence": "Not a single mill may be used for jumping."}
{"test_id": "6-4", "negation_type": "non_verbal", "semantic_type": "analytic", "syntactic_scope": "subclausal", "isDistractor": false, "label": false, "sentence": "Not a single mill may be needed for grinding."}
{"test_id": "6-4", "negation_type": "non_verbal", "semantic_type": "analytic", "syntactic_scope": "subclausal", "isDistractor": true, "label": true, "sentence": "Not a single mill may be needed for jumping."}
{"test_id": "7-1", "negation_type": "non_verbal", "semantic_type": "analytic", "syntactic_scope": "subclausal", "isDistractor": false, "label": false, "sentence": "In no context a mill is used for grinding."}
{"test_id": "7-1", "negation_type": "non_verbal", "semantic_type": "analytic", "syntactic_scope": "subclausal", "isDistractor": true, "label": true, "sentence": "In no context a mill is used for jumping."}
{"test_id": "7-2", "negation_type": "non_verbal", "semantic_type": "analytic", "syntactic_scope": "subclausal", "isDistractor": false, "label": false, "sentence": "In no context a mill is needed for grinding."}
{"test_id": "7-2", "negation_type": "non_verbal", "semantic_type": "analytic", "syntactic_scope": "subclausal", "isDistractor": true, "label": true, "sentence": "In no context a mill is needed for jumping."}
{"test_id": "7-3", "negation_type": "non_verbal", "semantic_type": "analytic", "syntactic_scope": "subclausal", "isDistractor": false, "label": false, "sentence": "In no context a mill should be used for grinding."}
{"test_id": "7-3", "negation_type": "non_verbal", "semantic_type": "analytic", "syntactic_scope": "subclausal", "isDistractor": true, "label": true, "sentence": "In no context a mill should be used for jumping."}
{"test_id": "7-4", "negation_type": "non_verbal", "semantic_type": "analytic", "syntactic_scope": "subclausal", "isDistractor": false, "label": false, "sentence": "In no context a mill should be needed for grinding."}
{"test_id": "7-4", "negation_type": "non_verbal", "semantic_type": "analytic", "syntactic_scope": "subclausal", "isDistractor": true, "label": true, "sentence": "In no context a mill should be needed for jumping."}
{"test_id": "1-1", "negation_type": "affirmation", "semantic_type": "none", "syntactic_scope": "none", "isDistractor": false, "label": true, "sentence": "A bond is commonly used for handicapping."}
{"test_id": "1-1", "negation_type": "affirmation", "semantic_type": "none", "syntactic_scope": "none", "isDistractor": true, "label": false, "sentence": "A bond is commonly used for stirring."}
{"test_id": "1-2", "negation_type": "affirmation", "semantic_type": "none", "syntactic_scope": "none", "isDistractor": false, "label": true, "sentence": "A bond is commonly needed for handicapping."}
{"test_id": "1-2", "negation_type": "affirmation", "semantic_type": "none", "syntactic_scope": "none", "isDistractor": true, "label": false, "sentence": "A bond is commonly needed for stirring."}
{"test_id": "1-3", "negation_type": "affirmation", "semantic_type": "none", "syntactic_scope": "none", "isDistractor": false, "label": true, "sentence": "A bond may be used for handicapping."}
{"test_id": "1-3", "negation_type": "affirmation", "semantic_type": "none", "syntactic_scope": "none", "isDistractor": true, "label": false, "sentence": "A bond may be used for stirring."}
{"test_id": "1-4", "negation_type": "affirmation", "semantic_type": "none", "syntactic_scope": "none", "isDistractor": false, "label": true, "sentence": "A bond may be needed for handicapping."}
{"test_id": "1-4", "negation_type": "affirmation", "semantic_type": "none", "syntactic_scope": "none", "isDistractor": true, "label": false, "sentence": "A bond may be needed for stirring."}
{"test_id": "2-1", "negation_type": "verbal", "semantic_type": "analytic", "syntactic_scope": "clausal", "isDistractor": false, "label": false, "sentence": "A bond is not commonly used for handicapping in any context."}
{"test_id": "2-1", "negation_type": "verbal", "semantic_type": "analytic", "syntactic_scope": "clausal", "isDistractor": true, "label": true, "sentence": "A bond is not commonly used for stirring in any context."}
{"test_id": "2-2", "negation_type": "verbal", "semantic_type": "analytic", "syntactic_scope": "clausal", "isDistractor": false, "label": false, "sentence": "A bond is not commonly needed for handicapping in any context."}
{"test_id": "2-2", "negation_type": "verbal", "semantic_type": "analytic", "syntactic_scope": "clausal", "isDistractor": true, "label": true, "sentence": "A bond is not commonly needed for stirring in any context."}
{"test_id": "2-3", "negation_type": "verbal", "semantic_type": "analytic", "syntactic_scope": "clausal", "isDistractor": false, "label": false, "sentence": "A bond may not be used for handicapping in any context."}
{"test_id": "2-3", "negation_type": "verbal", "semantic_type": "analytic", "syntactic_scope": "clausal", "isDistractor": true, "label": true, "sentence": "A bond may not be used for stirring in any context."}
{"test_id": "2-4", "negation_type": "verbal", "semantic_type": "analytic", "syntactic_scope": "clausal", "isDistractor": false, "label": false, "sentence": "A bond may not be needed for handicapping in any context."}
{"test_id": "2-4", "negation_type": "verbal", "semantic_type": "analytic", "syntactic_scope": "clausal", "isDistractor": true, "label": true, "sentence": "A bond may not be needed for stirring in any context."}
{"test_id": "3-1", "negation_type": "non_verbal", "semantic_type": "analytic", "syntactic_scope": "subclausal", "isDistractor": false, "label": false, "sentence": "A bond is used for handicapping in no context."}
{"test_id": "3-1", "negation_type": "non_verbal", "semantic_type": "analytic", "syntactic_scope": "subclausal", "isDistractor": true, "label": true, "sentence": "A bond is used for stirring in no context."}
{"test_id": "3-2", "negation_type": "non_verbal", "semantic_type": "analytic", "syntactic_scope": "subclausal", "isDistractor": false, "label": false, "sentence": "A bond is needed for handicapping in no context."}
{"test_id": "3-2", "negation_type": "non_verbal", "semantic_type": "analytic", "syntactic_scope": "subclausal", "isDistractor": true, "label": true, "sentence": "A bond is needed for stirring in no context."}
{"test_id": "3-3", "negation_type": "non_verbal", "semantic_type": "analytic", "syntactic_scope": "subclausal", "isDistractor": false, "label": false, "sentence": "A bond may be used for handicapping in no context."}
{"test_id": "3-3", "negation_type": "non_verbal", "semantic_type": "analytic", "syntactic_scope": "subclausal", "isDistractor": true, "label": true, "sentence": "A bond may be used for stirring in no context."}
{"test_id": "3-4", "negation_type": "non_verbal", "semantic_type": "analytic", "syntactic_scope": "subclausal", "isDistractor": false, "label": false, "sentence": "A bond may be needed for handicapping in no context."}
{"test_id": "3-4", "negation_type": "non_verbal", "semantic_type": "analytic", "syntactic_scope": "subclausal", "isDistractor": true, "label": true, "sentence": "A bond may be needed for stirring in no context."}
{"test_id": "4-1", "negation_type": "non_verbal", "semantic_type": "synthetic", "syntactic_scope": "subclausal", "isDistractor": false, "label": false, "sentence": "A bond should never be used for handicapping."}
{"test_id": "4-1", "negation_type": "non_verbal", "semantic_type": "synthetic", "syntactic_scope": "subclausal", "isDistractor": true, "label": true, "sentence": "A bond should never be used for stirring."}
{"test_id": "4-2", "negation_type": "non_verbal", "semantic_type": "synthetic", "syntactic_scope": "subclausal", "isDistractor": false, "label": false, "sentence": "A bond should never be needed for handicapping."}
{"test_id": "4-2", "negation_type": "non_verbal", "semantic_type": "synthetic", "syntactic_scope": "subclausal", "isDistractor": true, "label": true, "sentence": "A bond should never be needed for stirring."}
{"test_id": "5-1", "negation_type": "non_verbal", "semantic_type": "analytic", "syntactic_scope": "subclausal", "isDistractor": false, "label": false, "sentence": "No bond is commonly used for handicapping."}
{"test_id": "5-1", "negation_type": "non_verbal", "semantic_type": "analytic", "syntactic_scope": "subclausal", "isDistractor": true, "label": true, "sentence": "No bond is commonly used for stirring."}
{"test_id": "5-2", "negation_type": "non_verbal", "semantic_type": "analytic", "syntactic_scope": "subclausal", "isDistractor": false, "label": false, "sentence": "No bond is commonly needed for handicapping."}
{"test_id": "5-2", "negation_type": "non_verbal", "semantic_type": "analytic", "syntactic_scope": "subclausal", "isDistractor": true, "label": true, "sentence": "No bond is commonly needed for stirring."}
{"test_id": "5-3", "negation_type": "non_verbal", "semantic_type": "analytic", "syntactic_scope": "subclausal", "isDistractor": false, "label": false, "sentence": "No bond may be used for handicapping."}
{"test_id": "5-3", "negation_type": "non_verbal", "semantic_type": "analytic", "syntactic_scope": "subclausal", "isDistractor": true, "label": true, "sentence": "No bond may be used for stirring."}
{"test_id": "5-4", "negation_type": "non_verbal", "semantic_type": "analytic", "syntactic_scope": "subclausal", "isDistractor": false, "label": false, "sentence": "No bond may be needed for handicapping."}
{"test_id": "5-4", "negation_type": "non_verbal", "semantic_type": "analytic", "syntactic_scope": "subclausal", "isDistractor": true, "label": true, "sentence": "No bond may be needed for stirring."}
{"test_id": "6-1", "negation_type": "non_verbal", "semantic_type": "analytic", "syntactic_scope": "subclausal", "isDistractor": false, "label": false, "sentence": "Not a single bond is commonly used for handicapping."}
{"test_id": "6-1", "negation_type": "non_verbal", "semantic_type": "analytic", "syntactic_scope": "subclausal", "isDistractor": true, "label": true, "sentence": "Not a single bond is commonly used for stirring."}
{"test_id": "6-2", "negation_type": "non_verbal", "semantic_type": "analytic", "syntactic_scope": "subclausal", "isDistractor": false, "label": false, "sentence": "Not a single bond is commonly needed for handicapping."}
{"test_id": "6-2", "negation_type": "non_verbal", "semantic_type": "analytic", "syntactic_scope": "subclausal", "isDistractor": true, "label": true, "sentence": "Not a single bond is commonly needed for stirring."}
{"test_id": "6-3", "negation_type": "non_verbal", "semantic_type": "analytic", "syntactic_scope": "subclausal", "isDistractor": false, "label": false, "sentence": "Not a single bond may be used for handicapping."}
{"test_id": "6-3", "negation_type": "non_verbal", "semantic_type": "analytic", "syntactic_scope": "subclausal", "isDistractor": true, "label": true, "sentence": "Not a single bond may be used for stirring."}
{"test_id": "6-4", "negation_type": "non_verbal", "semantic_type": "analytic", "syntactic_scope": "subclausal", "isDistractor": false, "label": false, "sentence": "Not a single bond may be needed for handicapping."}
{"test_id": "6-4", "negation_type": "non_verbal", "semantic_type": "analytic", "syntactic_scope": "subclausal", "isDistractor": true, "label": true, "sentence": "Not a single bond may be needed for stirring."}
{"test_id": "7-1", "negation_type": "non_verbal", "semantic_type": "analytic", "syntactic_scope": "subclausal", "isDistractor": false, "label": false, "sentence": "In no context a bond is used for handicapping."}
{"test_id": "7-1", "negation_type": "non_verbal", "semantic_type": "analytic", "syntactic_scope": "subclausal", "isDistractor": true, "label": true, "sentence": "In no context a bond is used for stirring."}
{"test_id": "7-2", "negation_type": "non_verbal", "semantic_type": "analytic", "syntactic_scope": "subclausal", "isDistractor": false, "label": false, "sentence": "In no context a bond is needed for handicapping."}
{"test_id": "7-2", "negation_type": "non_verbal", "semantic_type": "analytic", "syntactic_scope": "subclausal", "isDistractor": true, "label": true, "sentence": "In no context a bond is needed for stirring."}
{"test_id": "7-3", "negation_type": "non_verbal", "semantic_type": "analytic", "syntactic_scope": "subclausal", "isDistractor": false, "label": false, "sentence": "In no context a bond should be used for handicapping."}
{"test_id": "7-3", "negation_type": "non_verbal", "semantic_type": "analytic", "syntactic_scope": "subclausal", "isDistractor": true, "label": true, "sentence": "In no context a bond should be used for stirring."}
{"test_id": "7-4", "negation_type": "non_verbal", "semantic_type": "analytic", "syntactic_scope": "subclausal", "isDistractor": false, "label": false, "sentence": "In no context a bond should be needed for handicapping."}
{"test_id": "7-4", "negation_type": "non_verbal", "semantic_type": "analytic", "syntactic_scope": "subclausal", "isDistractor": true, "label": true, "sentence": "In no context a bond should be needed for stirring."}
{"test_id": "1-1", "negation_type": "affirmation", "semantic_type": "none", "syntactic_scope": "none", "isDistractor": false, "label": true, "sentence": "A printer is commonly used for printing."}
{"test_id": "1-1", "negation_type": "affirmation", "semantic_type": "none", "syntactic_scope": "none", "isDistractor": true, "label": false, "sentence": "A printer is commonly used for fascinating."}
{"test_id": "1-2", "negation_type": "affirmation", "semantic_type": "none", "syntactic_scope": "none", "isDistractor": false, "label": true, "sentence": "A printer is commonly needed for printing."}
{"test_id": "1-2", "negation_type": "affirmation", "semantic_type": "none", "syntactic_scope": "none", "isDistractor": true, "label": false, "sentence": "A printer is commonly needed for fascinating."}
{"test_id": "1-3", "negation_type": "affirmation", "semantic_type": "none", "syntactic_scope": "none", "isDistractor": false, "label": true, "sentence": "A printer may be used for printing."}
{"test_id": "1-3", "negation_type": "affirmation", "semantic_type": "none", "syntactic_scope": "none", "isDistractor": true, "label": false, "sentence": "A printer may be used for fascinating."}
{"test_id": "1-4", "negation_type": "affirmation", "semantic_type": "none", "syntactic_scope": "none", "isDistractor": false, "label": true, "sentence": "A printer may be needed for printing."}
{"test_id": "1-4", "negation_type": "affirmation", "semantic_type": "none", "syntactic_scope": "none", "isDistractor": true, "label": false, "sentence": "A printer may be needed for fascinating."}
{"test_id": "2-1", "negation_type": "verbal", "semantic_type": "analytic", "syntactic_scope": "clausal", "isDistractor": false, "label": false, "sentence": "A printer is not commonly used for printing in any context."}
{"test_id": "2-1", "negation_type": "verbal", "semantic_type": "analytic", "syntactic_scope": "clausal", "isDistractor": true, "label": true, "sentence": "A printer is not commonly used for fascinating in any context."}
{"test_id": "2-2", "negation_type": "verbal", "semantic_type": "analytic", "syntactic_scope": "clausal", "isDistractor": false, "label": false, "sentence": "A printer is not commonly needed for printing in any context."}
{"test_id": "2-2", "negation_type": "verbal", "semantic_type": "analytic", "syntactic_scope": "clausal", "isDistractor": true, "label": true, "sentence": "A printer is not commonly needed for fascinating in any context."}
{"test_id": "2-3", "negation_type": "verbal", "semantic_type": "analytic", "syntactic_scope": "clausal", "isDistractor": false, "label": false, "sentence": "A printer may not be used for printing in any context."}
{"test_id": "2-3", "negation_type": "verbal", "semantic_type": "analytic", "syntactic_scope": "clausal", "isDistractor": true, "label": true, "sentence": "A printer may not be used for fascinating in any context."}
{"test_id": "2-4", "negation_type": "verbal", "semantic_type": "analytic", "syntactic_scope": "clausal", "isDistractor": false, "label": false, "sentence": "A printer may not be needed for printing in any context."}
{"test_id": "2-4", "negation_type": "verbal", "semantic_type": "analytic", "syntactic_scope": "clausal", "isDistractor": true, "label": true, "sentence": "A printer may not be needed for fascinating in any context."}
{"test_id": "3-1", "negation_type": "non_verbal", "semantic_type": "analytic", "syntactic_scope": "subclausal", "isDistractor": false, "label": false, "sentence": "A printer is used for printing in no context."}
{"test_id": "3-1", "negation_type": "non_verbal", "semantic_type": "analytic", "syntactic_scope": "subclausal", "isDistractor": true, "label": true, "sentence": "A printer is used for fascinating in no context."}
{"test_id": "3-2", "negation_type": "non_verbal", "semantic_type": "analytic", "syntactic_scope": "subclausal", "isDistractor": false, "label": false, "sentence": "A printer is needed for printing in no context."}
{"test_id": "3-2", "negation_type": "non_verbal", "semantic_type": "analytic", "syntactic_scope": "subclausal", "isDistractor": true, "label": true, "sentence": "A printer is needed for fascinating in no context."}
{"test_id": "3-3", "negation_type": "non_verbal", "semantic_type": "analytic", "syntactic_scope": "subclausal", "isDistractor": false, "label": false, "sentence": "A printer may be used for printing in no context."}
{"test_id": "3-3", "negation_type": "non_verbal", "semantic_type": "analytic", "syntactic_scope": "subclausal", "isDistractor": true, "label": true, "sentence": "A printer may be used for fascinating in no context."}
{"test_id": "3-4", "negation_type": "non_verbal", "semantic_type": "analytic", "syntactic_scope": "subclausal", "isDistractor": false, "label": false, "sentence": "A printer may be needed for printing in no context."}
{"test_id": "3-4", "negation_type": "non_verbal", "semantic_type": "analytic", "syntactic_scope": "subclausal", "isDistractor": true, "label": true, "sentence": "A printer may be needed for fascinating in no context."}
{"test_id": "4-1", "negation_type": "non_verbal", "semantic_type": "synthetic", "syntactic_scope": "subclausal", "isDistractor": false, "label": false, "sentence": "A printer should never be used for printing."}
{"test_id": "4-1", "negation_type": "non_verbal", "semantic_type": "synthetic", "syntactic_scope": "subclausal", "isDistractor": true, "label": true, "sentence": "A printer should never be used for fascinating."}
{"test_id": "4-2", "negation_type": "non_verbal", "semantic_type": "synthetic", "syntactic_scope": "subclausal", "isDistractor": false, "label": false, "sentence": "A printer should never be needed for printing."}
{"test_id": "4-2", "negation_type": "non_verbal", "semantic_type": "synthetic", "syntactic_scope": "subclausal", "isDistractor": true, "label": true, "sentence": "A printer should never be needed for fascinating."}
{"test_id": "5-1", "negation_type": "non_verbal", "semantic_type": "analytic", "syntactic_scope": "subclausal", "isDistractor": false, "label": false, "sentence": "No printer is commonly used for printing."}
{"test_id": "5-1", "negation_type": "non_verbal", "semantic_type": "analytic", "syntactic_scope": "subclausal", "isDistractor": true, "label": true, "sentence": "No printer is commonly used for fascinating."}
{"test_id": "5-2", "negation_type": "non_verbal", "semantic_type": "analytic", "syntactic_scope": "subclausal", "isDistractor": false, "label": false, "sentence": "No printer is commonly needed for printing."}
{"test_id": "5-2", "negation_type": "non_verbal", "semantic_type": "analytic", "syntactic_scope": "subclausal", "isDistractor": true, "label": true, "sentence": "No printer is commonly needed for fascinating."}
{"test_id": "5-3", "negation_type": "non_verbal", "semantic_type": "analytic", "syntactic_scope": "subclausal", "isDistractor": false, "label": false, "sentence": "No printer may be used for printing."}
{"test_id": "5-3", "negation_type": "non_verbal", "semantic_type": "analytic", "syntactic_scope": "subclausal", "isDistractor": true, "label": true, "sentence": "No printer may be used for fascinating."}
{"test_id": "5-4", "negation_type": "non_verbal", "semantic_type": "analytic", "syntactic_scope": "subclausal", "isDistractor": false, "label": false, "sentence": "No printer may be needed for printing."}
{"test_id": "5-4", "negation_type": "non_verbal", "semantic_type": "analytic", "syntactic_scope": "subclausal", "isDistractor": true, "label": true, "sentence": "No printer may be needed for fascinating."}
{"test_id": "6-1", "negation_type": "non_verbal", "semantic_type": "analytic", "syntactic_scope": "subclausal", "isDistractor": false, "label": false, "sentence": "Not a single printer is commonly used for printing."}
{"test_id": "6-1", "negation_type": "non_verbal", "semantic_type": "analytic", "syntactic_scope": "subclausal", "isDistractor": true, "label": true, "sentence": "Not a single printer is commonly used for fascinating."}
{"test_id": "6-2", "negation_type": "non_verbal", "semantic_type": "analytic", "syntactic_scope": "subclausal", "isDistractor": false, "label": false, "sentence": "Not a single printer is commonly needed for printing."}
{"test_id": "6-2", "negation_type": "non_verbal", "semantic_type": "analytic", "syntactic_scope": "subclausal", "isDistractor": true, "label": true, "sentence": "Not a single printer is commonly needed for fascinating."}
{"test_id": "6-3", "negation_type": "non_verbal", "semantic_type": "analytic", "syntactic_scope": "subclausal", "isDistractor": false, "label": false, "sentence": "Not a single printer may be used for printing."}
{"test_id": "6-3", "negation_type": "non_verbal", "semantic_type": "analytic", "syntactic_scope": "subclausal", "isDistractor": true, "label": true, "sentence": "Not a single printer may be used for fascinating."}
{"test_id": "6-4", "negation_type": "non_verbal", "semantic_type": "analytic", "syntactic_scope": "subclausal", "isDistractor": false, "label": false, "sentence": "Not a single printer may be needed for printing."}
{"test_id": "6-4", "negation_type": "non_verbal", "semantic_type": "analytic", "syntactic_scope": "subclausal", "isDistractor": true, "label": true, "sentence": "Not a single printer may be needed for fascinating."}
{"test_id": "7-1", "negation_type": "non_verbal", "semantic_type": "analytic", "syntactic_scope": "subclausal", "isDistractor": false, "label": false, "sentence": "In no context a printer is used for printing."}
{"test_id": "7-1", "negation_type": "non_verbal", "semantic_type": "analytic", "syntactic_scope": "subclausal", "isDistractor": true, "label": true, "sentence": "In no context a printer is used for fascinating."}
{"test_id": "7-2", "negation_type": "non_verbal", "semantic_type": "analytic", "syntactic_scope": "subclausal", "isDistractor": false, "label": false, "sentence": "In no context a printer is needed for printing."}
{"test_id": "7-2", "negation_type": "non_verbal", "semantic_type": "analytic", "syntactic_scope": "subclausal", "isDistractor": true, "label": true, "sentence": "In no context a printer is needed for fascinating."}
{"test_id": "7-3", "negation_type": "non_verbal", "semantic_type": "analytic", "syntactic_scope": "subclausal", "isDistractor": false, "label": false, "sentence": "In no context a printer should be used for printing."}
{"test_id": "7-3", "negation_type": "non_verbal", "semantic_type": "analytic", "syntactic_scope": "subclausal", "isDistractor": true, "label": true, "sentence": "In no context a printer should be used for fascinating."}
{"test_id": "7-4", "negation_type": "non_verbal", "semantic_type": "analytic", "syntactic_scope": "subclausal", "isDistractor": false, "label": false, "sentence": "In no context a printer should be needed for printing."}
{"test_id": "7-4", "negation_type": "non_verbal", "semantic_type": "analytic", "syntactic_scope": "subclausal", "isDistractor": true, "label": true, "sentence": "In no context a printer should be needed for fascinating."}
{"test_id": "1-1", "negation_type": "affirmation", "semantic_type": "none", "syntactic_scope": "none", "isDistractor": false, "label": true, "sentence": "A clock is commonly used for timing."}
{"test_id": "1-1", "negation_type": "affirmation", "semantic_type": "none", "syntactic_scope": "none", "isDistractor": true, "label": false, "sentence": "A clock is commonly used for forcing."}
{"test_id": "1-2", "negation_type": "affirmation", "semantic_type": "none", "syntactic_scope": "none", "isDistractor": false, "label": true, "sentence": "A clock is commonly needed for timing."}
{"test_id": "1-2", "negation_type": "affirmation", "semantic_type": "none", "syntactic_scope": "none", "isDistractor": true, "label": false, "sentence": "A clock is commonly needed for forcing."}
{"test_id": "1-3", "negation_type": "affirmation", "semantic_type": "none", "syntactic_scope": "none", "isDistractor": false, "label": true, "sentence": "A clock may be used for timing."}
{"test_id": "1-3", "negation_type": "affirmation", "semantic_type": "none", "syntactic_scope": "none", "isDistractor": true, "label": false, "sentence": "A clock may be used for forcing."}
{"test_id": "1-4", "negation_type": "affirmation", "semantic_type": "none", "syntactic_scope": "none", "isDistractor": false, "label": true, "sentence": "A clock may be needed for timing."}
{"test_id": "1-4", "negation_type": "affirmation", "semantic_type": "none", "syntactic_scope": "none", "isDistractor": true, "label": false, "sentence": "A clock may be needed for forcing."}
{"test_id": "2-1", "negation_type": "verbal", "semantic_type": "analytic", "syntactic_scope": "clausal", "isDistractor": false, "label": false, "sentence": "A clock is not commonly used for timing in any context."}
{"test_id": "2-1", "negation_type": "verbal", "semantic_type": "analytic", "syntactic_scope": "clausal", "isDistractor": true, "label": true, "sentence": "A clock is not commonly used for forcing in any context."}
{"test_id": "2-2", "negation_type": "verbal", "semantic_type": "analytic", "syntactic_scope": "clausal", "isDistractor": false, "label": false, "sentence": "A clock is not commonly needed for timing in any context."}
{"test_id": "2-2", "negation_type": "verbal", "semantic_type": "analytic", "syntactic_scope": "clausal", "isDistractor": true, "label": true, "sentence": "A clock is not commonly needed for forcing in any context."}
{"test_id": "2-3", "negation_type": "verbal", "semantic_type": "analytic", "syntactic_scope": "clausal", "isDistractor": false, "label": false, "sentence": "A clock may not be used for timing in any context."}
{"test_id": "2-3", "negation_type": "verbal", "semantic_type": "analytic", "syntactic_scope": "clausal", "isDistractor": true, "label": true, "sentence": "A clock may not be used for forcing in any context."}
{"test_id": "2-4", "negation_type": "verbal", "semantic_type": "analytic", "syntactic_scope": "clausal", "isDistractor": false, "label": false, "sentence": "A clock may not be needed for timing in any context."}
{"test_id": "2-4", "negation_type": "verbal", "semantic_type": "analytic", "syntactic_scope": "clausal", "isDistractor": true, "label": true, "sentence": "A clock may not be needed for forcing in any context."}
{"test_id": "3-1", "negation_type": "non_verbal", "semantic_type": "analytic", "syntactic_scope": "subclausal", "isDistractor": false, "label": false, "sentence": "A clock is used for timing in no context."}
{"test_id": "3-1", "negation_type": "non_verbal", "semantic_type": "analytic", "syntactic_scope": "subclausal", "isDistractor": true, "label": true, "sentence": "A clock is used for forcing in no context."}
{"test_id": "3-2", "negation_type": "non_verbal", "semantic_type": "analytic", "syntactic_scope": "subclausal", "isDistractor": false, "label": false, "sentence": "A clock is needed for timing in no context."}
{"test_id": "3-2", "negation_type": "non_verbal", "semantic_type": "analytic", "syntactic_scope": "subclausal", "isDistractor": true, "label": true, "sentence": "A clock is needed for forcing in no context."}
{"test_id": "3-3", "negation_type": "non_verbal", "semantic_type": "analytic", "syntactic_scope": "subclausal", "isDistractor": false, "label": false, "sentence": "A clock may be used for timing in no context."}
{"test_id": "3-3", "negation_type": "non_verbal", "semantic_type": "analytic", "syntactic_scope": "subclausal", "isDistractor": true, "label": true, "sentence": "A clock may be used for forcing in no context."}
{"test_id": "3-4", "negation_type": "non_verbal", "semantic_type": "analytic", "syntactic_scope": "subclausal", "isDistractor": false, "label": false, "sentence": "A clock may be needed for timing in no context."}
{"test_id": "3-4", "negation_type": "non_verbal", "semantic_type": "analytic", "syntactic_scope": "subclausal", "isDistractor": true, "label": true, "sentence": "A clock may be needed for forcing in no context."}
{"test_id": "4-1", "negation_type": "non_verbal", "semantic_type": "synthetic", "syntactic_scope": "subclausal", "isDistractor": false, "label": false, "sentence": "A clock should never be used for timing."}
{"test_id": "4-1", "negation_type": "non_verbal", "semantic_type": "synthetic", "syntactic_scope": "subclausal", "isDistractor": true, "label": true, "sentence": "A clock should never be used for forcing."}
{"test_id": "4-2", "negation_type": "non_verbal", "semantic_type": "synthetic", "syntactic_scope": "subclausal", "isDistractor": false, "label": false, "sentence": "A clock should never be needed for timing."}
{"test_id": "4-2", "negation_type": "non_verbal", "semantic_type": "synthetic", "syntactic_scope": "subclausal", "isDistractor": true, "label": true, "sentence": "A clock should never be needed for forcing."}
{"test_id": "5-1", "negation_type": "non_verbal", "semantic_type": "analytic", "syntactic_scope": "subclausal", "isDistractor": false, "label": false, "sentence": "No clock is commonly used for timing."}
{"test_id": "5-1", "negation_type": "non_verbal", "semantic_type": "analytic", "syntactic_scope": "subclausal", "isDistractor": true, "label": true, "sentence": "No clock is commonly used for forcing."}
{"test_id": "5-2", "negation_type": "non_verbal", "semantic_type": "analytic", "syntactic_scope": "subclausal", "isDistractor": false, "label": false, "sentence": "No clock is commonly needed for timing."}
{"test_id": "5-2", "negation_type": "non_verbal", "semantic_type": "analytic", "syntactic_scope": "subclausal", "isDistractor": true, "label": true, "sentence": "No clock is commonly needed for forcing."}
{"test_id": "5-3", "negation_type": "non_verbal", "semantic_type": "analytic", "syntactic_scope": "subclausal", "isDistractor": false, "label": false, "sentence": "No clock may be used for timing."}
{"test_id": "5-3", "negation_type": "non_verbal", "semantic_type": "analytic", "syntactic_scope": "subclausal", "isDistractor": true, "label": true, "sentence": "No clock may be used for forcing."}
{"test_id": "5-4", "negation_type": "non_verbal", "semantic_type": "analytic", "syntactic_scope": "subclausal", "isDistractor": false, "label": false, "sentence": "No clock may be needed for timing."}
{"test_id": "5-4", "negation_type": "non_verbal", "semantic_type": "analytic", "syntactic_scope": "subclausal", "isDistractor": true, "label": true, "sentence": "No clock may be needed for forcing."}
{"test_id": "6-1", "negation_type": "non_verbal", "semantic_type": "analytic", "syntactic_scope": "subclausal", "isDistractor": false, "label": false, "sentence": "Not a single clock is commonly used for timing."}
{"test_id": "6-1", "negation_type": "non_verbal", "semantic_type": "analytic", "syntactic_scope": "subclausal", "isDistractor": true, "label": true, "sentence": "Not a single clock is commonly used for forcing."}
{"test_id": "6-2", "negation_type": "non_verbal", "semantic_type": "analytic", "syntactic_scope": "subclausal", "isDistractor": false, "label": false, "sentence": "Not a single clock is commonly needed for timing."}
{"test_id": "6-2", "negation_type": "non_verbal", "semantic_type": "analytic", "syntactic_scope": "subclausal", "isDistractor": true, "label": true, "sentence": "Not a single clock is commonly needed for forcing."}
{"test_id": "6-3", "negation_type": "non_verbal", "semantic_type": "analytic", "syntactic_scope": "subclausal", "isDistractor": false, "label": false, "sentence": "Not a single clock may be used for timing."}
{"test_id": "6-3", "negation_type": "non_verbal", "semantic_type": "analytic", "syntactic_scope": "subclausal", "isDistractor": true, "label": true, "sentence": "Not a single clock may be used for forcing."}
{"test_id": "6-4", "negation_type": "non_verbal", "semantic_type": "analytic", "syntactic_scope": "subclausal", "isDistractor": false, "label": false, "sentence": "Not a single clock may be needed for timing."}
{"test_id": "6-4", "negation_type": "non_verbal", "semantic_type": "analytic", "syntactic_scope": "subclausal", "isDistractor": true, "label": true, "sentence": "Not a single clock may be needed for forcing."}
{"test_id": "7-1", "negation_type": "non_verbal", "semantic_type": "analytic", "syntactic_scope": "subclausal", "isDistractor": false, "label": false, "sentence": "In no context a clock is used for timing."}
{"test_id": "7-1", "negation_type": "non_verbal", "semantic_type": "analytic", "syntactic_scope": "subclausal", "isDistractor": true, "label": true, "sentence": "In no context a clock is used for forcing."}
{"test_id": "7-2", "negation_type": "non_verbal", "semantic_type": "analytic", "syntactic_scope": "subclausal", "isDistractor": false, "label": false, "sentence": "In no context a clock is needed for timing."}
{"test_id": "7-2", "negation_type": "non_verbal", "semantic_type": "analytic", "syntactic_scope": "subclausal", "isDistractor": true, "label": true, "sentence": "In no context a clock is needed for forcing."}
{"test_id": "7-3", "negation_type": "non_verbal", "semantic_type": "analytic", "syntactic_scope": "subclausal", "isDistractor": false, "label": false, "sentence": "In no context a clock should be used for timing."}
{"test_id": "7-3", "negation_type": "non_verbal", "semantic_type": "analytic", "syntactic_scope": "subclausal", "isDistractor": true, "label": true, "sentence": "In no context a clock should be used for forcing."}
{"test_id": "7-4", "negation_type": "non_verbal", "semantic_type": "analytic", "syntactic_scope": "subclausal", "isDistractor": false, "label": false, "sentence": "In no context a clock should be needed for timing."}
{"test_id": "7-4", "negation_type": "non_verbal", "semantic_type": "analytic", "syntactic_scope": "subclausal", "isDistractor": true, "label": true, "sentence": "In no context a clock should be needed for forcing."}
{"test_id": "1-1", "negation_type": "affirmation", "semantic_type": "none", "syntactic_scope": "none", "isDistractor": false, "label": true, "sentence": "A knife is commonly used for stabbing."}
{"test_id": "1-1", "negation_type": "affirmation", "semantic_type": "none", "syntactic_scope": "none", "isDistractor": true, "label": false, "sentence": "A knife is commonly used for fitting."}
{"test_id": "1-2", "negation_type": "affirmation", "semantic_type": "none", "syntactic_scope": "none", "isDistractor": false, "label": true, "sentence": "A knife is commonly needed for stabbing."}
{"test_id": "1-2", "negation_type": "affirmation", "semantic_type": "none", "syntactic_scope": "none", "isDistractor": true, "label": false, "sentence": "A knife is commonly needed for fitting."}
{"test_id": "1-3", "negation_type": "affirmation", "semantic_type": "none", "syntactic_scope": "none", "isDistractor": false, "label": true, "sentence": "A knife may be used for stabbing."}
{"test_id": "1-3", "negation_type": "affirmation", "semantic_type": "none", "syntactic_scope": "none", "isDistractor": true, "label": false, "sentence": "A knife may be used for fitting."}
{"test_id": "1-4", "negation_type": "affirmation", "semantic_type": "none", "syntactic_scope": "none", "isDistractor": false, "label": true, "sentence": "A knife may be needed for stabbing."}
{"test_id": "1-4", "negation_type": "affirmation", "semantic_type": "none", "syntactic_scope": "none", "isDistractor": true, "label": false, "sentence": "A knife may be needed for fitting."}
{"test_id": "2-1", "negation_type": "verbal", "semantic_type": "analytic", "syntactic_scope": "clausal", "isDistractor": false, "label": false, "sentence": "A knife is not commonly used for stabbing in any context."}
{"test_id": "2-1", "negation_type": "verbal", "semantic_type": "analytic", "syntactic_scope": "clausal", "isDistractor": true, "label": true, "sentence": "A knife is not commonly used for fitting in any context."}
{"test_id": "2-2", "negation_type": "verbal", "semantic_type": "analytic", "syntactic_scope": "clausal", "isDistractor": false, "label": false, "sentence": "A knife is not commonly needed for stabbing in any context."}
{"test_id": "2-2", "negation_type": "verbal", "semantic_type": "analytic", "syntactic_scope": "clausal", "isDistractor": true, "label": true, "sentence": "A knife is not commonly needed for fitting in any context."}
{"test_id": "2-3", "negation_type": "verbal", "semantic_type": "analytic", "syntactic_scope": "clausal", "isDistractor": false, "label": false, "sentence": "A knife may not be used for stabbing in any context."}
{"test_id": "2-3", "negation_type": "verbal", "semantic_type": "analytic", "syntactic_scope": "clausal", "isDistractor": true, "label": true, "sentence": "A knife may not be used for fitting in any context."}
{"test_id": "2-4", "negation_type": "verbal", "semantic_type": "analytic", "syntactic_scope": "clausal", "isDistractor": false, "label": false, "sentence": "A knife may not be needed for stabbing in any context."}
{"test_id": "2-4", "negation_type": "verbal", "semantic_type": "analytic", "syntactic_scope": "clausal", "isDistractor": true, "label": true, "sentence": "A knife may not be needed for fitting in any context."}
{"test_id": "3-1", "negation_type": "non_verbal", "semantic_type": "analytic", "syntactic_scope": "subclausal", "isDistractor": false, "label": false, "sentence": "A knife is used for stabbing in no context."}
{"test_id": "3-1", "negation_type": "non_verbal", "semantic_type": "analytic", "syntactic_scope": "subclausal", "isDistractor": true, "label": true, "sentence": "A knife is used for fitting in no context."}
{"test_id": "3-2", "negation_type": "non_verbal", "semantic_type": "analytic", "syntactic_scope": "subclausal", "isDistractor": false, "label": false, "sentence": "A knife is needed for stabbing in no context."}
{"test_id": "3-2", "negation_type": "non_verbal", "semantic_type": "analytic", "syntactic_scope": "subclausal", "isDistractor": true, "label": true, "sentence": "A knife is needed for fitting in no context."}
{"test_id": "3-3", "negation_type": "non_verbal", "semantic_type": "analytic", "syntactic_scope": "subclausal", "isDistractor": false, "label": false, "sentence": "A knife may be used for stabbing in no context."}
{"test_id": "3-3", "negation_type": "non_verbal", "semantic_type": "analytic", "syntactic_scope": "subclausal", "isDistractor": true, "label": true, "sentence": "A knife may be used for fitting in no context."}
{"test_id": "3-4", "negation_type": "non_verbal", "semantic_type": "analytic", "syntactic_scope": "subclausal", "isDistractor": false, "label": false, "sentence": "A knife may be needed for stabbing in no context."}
{"test_id": "3-4", "negation_type": "non_verbal", "semantic_type": "analytic", "syntactic_scope": "subclausal", "isDistractor": true, "label": true, "sentence": "A knife may be needed for fitting in no context."}
{"test_id": "4-1", "negation_type": "non_verbal", "semantic_type": "synthetic", "syntactic_scope": "subclausal", "isDistractor": false, "label": false, "sentence": "A knife should never be used for stabbing."}
{"test_id": "4-1", "negation_type": "non_verbal", "semantic_type": "synthetic", "syntactic_scope": "subclausal", "isDistractor": true, "label": true, "sentence": "A knife should never be used for fitting."}
{"test_id": "4-2", "negation_type": "non_verbal", "semantic_type": "synthetic", "syntactic_scope": "subclausal", "isDistractor": false, "label": false, "sentence": "A knife should never be needed for stabbing."}
{"test_id": "4-2", "negation_type": "non_verbal", "semantic_type": "synthetic", "syntactic_scope": "subclausal", "isDistractor": true, "label": true, "sentence": "A knife should never be needed for fitting."}
{"test_id": "5-1", "negation_type": "non_verbal", "semantic_type": "analytic", "syntactic_scope": "subclausal", "isDistractor": false, "label": false, "sentence": "No knife is commonly used for stabbing."}
{"test_id": "5-1", "negation_type": "non_verbal", "semantic_type": "analytic", "syntactic_scope": "subclausal", "isDistractor": true, "label": true, "sentence": "No knife is commonly used for fitting."}
{"test_id": "5-2", "negation_type": "non_verbal", "semantic_type": "analytic", "syntactic_scope": "subclausal", "isDistractor": false, "label": false, "sentence": "No knife is commonly needed for stabbing."}
{"test_id": "5-2", "negation_type": "non_verbal", "semantic_type": "analytic", "syntactic_scope": "subclausal", "isDistractor": true, "label": true, "sentence": "No knife is commonly needed for fitting."}
{"test_id": "5-3", "negation_type": "non_verbal", "semantic_type": "analytic", "syntactic_scope": "subclausal", "isDistractor": false, "label": false, "sentence": "No knife may be used for stabbing."}
{"test_id": "5-3", "negation_type": "non_verbal", "semantic_type": "analytic", "syntactic_scope": "subclausal", "isDistractor": true, "label": true, "sentence": "No knife may be used for fitting."}
{"test_id": "5-4", "negation_type": "non_verbal", "semantic_type": "analytic", "syntactic_scope": "subclausal", "isDistractor": false, "label": false, "sentence": "No knife may be needed for stabbing."}
{"test_id": "5-4", "negation_type": "non_verbal", "semantic_type": "analytic", "syntactic_scope": "subclausal", "isDistractor": true, "label": true, "sentence": "No knife may be needed for fitting."}
{"test_id": "6-1", "negation_type": "non_verbal", "semantic_type": "analytic", "syntactic_scope": "subclausal", "isDistractor": false, "label": false, "sentence": "Not a single knife is commonly used for stabbing."}
{"test_id": "6-1", "negation_type": "non_verbal", "semantic_type": "analytic", "syntactic_scope": "subclausal", "isDistractor": true, "label": true, "sentence": "Not a single knife is commonly used for fitting."}
{"test_id": "6-2", "negation_type": "non_verbal", "semantic_type": "analytic", "syntactic_scope": "subclausal", "isDistractor": false, "label": false, "sentence": "Not a single knife is commonly needed for stabbing."}
{"test_id": "6-2", "negation_type": "non_verbal", "semantic_type": "analytic", "syntactic_scope": "subclausal", "isDistractor": true, "label": true, "sentence": "Not a single knife is commonly needed for fitting."}
{"test_id": "6-3", "negation_type": "non_verbal", "semantic_type": "analytic", "syntactic_scope": "subclausal", "isDistractor": false, "label": false, "sentence": "Not a single knife may be used for stabbing."}
{"test_id": "6-3", "negation_type": "non_verbal", "semantic_type": "analytic", "syntactic_scope": "subclausal", "isDistractor": true, "label": true, "sentence": "Not a single knife may be used for fitting."}
{"test_id": "6-4", "negation_type": "non_verbal", "semantic_type": "analytic", "syntactic_scope": "subclausal", "isDistractor": false, "label": false, "sentence": "Not a single knife may be needed for stabbing."}
{"test_id": "6-4", "negation_type": "non_verbal", "semantic_type": "analytic", "syntactic_scope": "subclausal", "isDistractor": true, "label": true, "sentence": "Not a single knife may be needed for fitting."}
{"test_id": "7-1", "negation_type": "non_verbal", "semantic_type": "analytic", "syntactic_scope": "subclausal", "isDistractor": false, "label": false, "sentence": "In no context a knife is used for stabbing."}
{"test_id": "7-1", "negation_type": "non_verbal", "semantic_type": "analytic", "syntactic_scope": "subclausal", "isDistractor": true, "label": true, "sentence": "In no context a knife is used for fitting."}
{"test_id": "7-2", "negation_type": "non_verbal", "semantic_type": "analytic", "syntactic_scope": "subclausal", "isDistractor": false, "label": false, "sentence": "In no context a knife is needed for stabbing."}
{"test_id": "7-2", "negation_type": "non_verbal", "semantic_type": "analytic", "syntactic_scope": "subclausal", "isDistractor": true, "label": true, "sentence": "In no context a knife is needed for fitting."}
{"test_id": "7-3", "negation_type": "non_verbal", "semantic_type": "analytic", "syntactic_scope": "subclausal", "isDistractor": false, "label": false, "sentence": "In no context a knife should be used for stabbing."}
{"test_id": "7-3", "negation_type": "non_verbal", "semantic_type": "analytic", "syntactic_scope": "subclausal", "isDistractor": true, "label": true, "sentence": "In no context a knife should be used for fitting."}
{"test_id": "7-4", "negation_type": "non_verbal", "semantic_type": "analytic", "syntactic_scope": "subclausal", "isDistractor": false, "label": false, "sentence": "In no context a knife should be needed for stabbing."}
{"test_id": "7-4", "negation_type": "non_verbal", "semantic_type": "analytic", "syntactic_scope": "subclausal", "isDistractor": true, "label": true, "sentence": "In no context a knife should be needed for fitting."}
{"test_id": "1-1", "negation_type": "affirmation", "semantic_type": "none", "syntactic_scope": "none", "isDistractor": false, "label": true, "sentence": "A lift is commonly used for raising."}
{"test_id": "1-1", "negation_type": "affirmation", "semantic_type": "none", "syntactic_scope": "none", "isDistractor": true, "label": false, "sentence": "A lift is commonly used for scratching."}
{"test_id": "1-2", "negation_type": "affirmation", "semantic_type": "none", "syntactic_scope": "none", "isDistractor": false, "label": true, "sentence": "A lift is commonly needed for raising."}
{"test_id": "1-2", "negation_type": "affirmation", "semantic_type": "none", "syntactic_scope": "none", "isDistractor": true, "label": false, "sentence": "A lift is commonly needed for scratching."}
{"test_id": "1-3", "negation_type": "affirmation", "semantic_type": "none", "syntactic_scope": "none", "isDistractor": false, "label": true, "sentence": "A lift may be used for raising."}
{"test_id": "1-3", "negation_type": "affirmation", "semantic_type": "none", "syntactic_scope": "none", "isDistractor": true, "label": false, "sentence": "A lift may be used for scratching."}
{"test_id": "1-4", "negation_type": "affirmation", "semantic_type": "none", "syntactic_scope": "none", "isDistractor": false, "label": true, "sentence": "A lift may be needed for raising."}
{"test_id": "1-4", "negation_type": "affirmation", "semantic_type": "none", "syntactic_scope": "none", "isDistractor": true, "label": false, "sentence": "A lift may be needed for scratching."}
{"test_id": "2-1", "negation_type": "verbal", "semantic_type": "analytic", "syntactic_scope": "clausal", "isDistractor": false, "label": false, "sentence": "A lift is not commonly used for raising in any context."}
{"test_id": "2-1", "negation_type": "verbal", "semantic_type": "analytic", "syntactic_scope": "clausal", "isDistractor": true, "label": true, "sentence": "A lift is not commonly used for scratching in any context."}
{"test_id": "2-2", "negation_type": "verbal", "semantic_type": "analytic", "syntactic_scope": "clausal", "isDistractor": false, "label": false, "sentence": "A lift is not commonly needed for raising in any context."}
{"test_id": "2-2", "negation_type": "verbal", "semantic_type": "analytic", "syntactic_scope": "clausal", "isDistractor": true, "label": true, "sentence": "A lift is not commonly needed for scratching in any context."}
{"test_id": "2-3", "negation_type": "verbal", "semantic_type": "analytic", "syntactic_scope": "clausal", "isDistractor": false, "label": false, "sentence": "A lift may not be used for raising in any context."}
{"test_id": "2-3", "negation_type": "verbal", "semantic_type": "analytic", "syntactic_scope": "clausal", "isDistractor": true, "label": true, "sentence": "A lift may not be used for scratching in any context."}
{"test_id": "2-4", "negation_type": "verbal", "semantic_type": "analytic", "syntactic_scope": "clausal", "isDistractor": false, "label": false, "sentence": "A lift may not be needed for raising in any context."}
{"test_id": "2-4", "negation_type": "verbal", "semantic_type": "analytic", "syntactic_scope": "clausal", "isDistractor": true, "label": true, "sentence": "A lift may not be needed for scratching in any context."}
{"test_id": "3-1", "negation_type": "non_verbal", "semantic_type": "analytic", "syntactic_scope": "subclausal", "isDistractor": false, "label": false, "sentence": "A lift is used for raising in no context."}
{"test_id": "3-1", "negation_type": "non_verbal", "semantic_type": "analytic", "syntactic_scope": "subclausal", "isDistractor": true, "label": true, "sentence": "A lift is used for scratching in no context."}
{"test_id": "3-2", "negation_type": "non_verbal", "semantic_type": "analytic", "syntactic_scope": "subclausal", "isDistractor": false, "label": false, "sentence": "A lift is needed for raising in no context."}
{"test_id": "3-2", "negation_type": "non_verbal", "semantic_type": "analytic", "syntactic_scope": "subclausal", "isDistractor": true, "label": true, "sentence": "A lift is needed for scratching in no context."}
{"test_id": "3-3", "negation_type": "non_verbal", "semantic_type": "analytic", "syntactic_scope": "subclausal", "isDistractor": false, "label": false, "sentence": "A lift may be used for raising in no context."}
{"test_id": "3-3", "negation_type": "non_verbal", "semantic_type": "analytic", "syntactic_scope": "subclausal", "isDistractor": true, "label": true, "sentence": "A lift may be used for scratching in no context."}
{"test_id": "3-4", "negation_type": "non_verbal", "semantic_type": "analytic", "syntactic_scope": "subclausal", "isDistractor": false, "label": false, "sentence": "A lift may be needed for raising in no context."}
{"test_id": "3-4", "negation_type": "non_verbal", "semantic_type": "analytic", "syntactic_scope": "subclausal", "isDistractor": true, "label": true, "sentence": "A lift may be needed for scratching in no context."}
{"test_id": "4-1", "negation_type": "non_verbal", "semantic_type": "synthetic", "syntactic_scope": "subclausal", "isDistractor": false, "label": false, "sentence": "A lift should never be used for raising."}
{"test_id": "4-1", "negation_type": "non_verbal", "semantic_type": "synthetic", "syntactic_scope": "subclausal", "isDistractor": true, "label": true, "sentence": "A lift should never be used for scratching."}
{"test_id": "4-2", "negation_type": "non_verbal", "semantic_type": "synthetic", "syntactic_scope": "subclausal", "isDistractor": false, "label": false, "sentence": "A lift should never be needed for raising."}
{"test_id": "4-2", "negation_type": "non_verbal", "semantic_type": "synthetic", "syntactic_scope": "subclausal", "isDistractor": true, "label": true, "sentence": "A lift should never be needed for scratching."}
{"test_id": "5-1", "negation_type": "non_verbal", "semantic_type": "analytic", "syntactic_scope": "subclausal", "isDistractor": false, "label": false, "sentence": "No lift is commonly used for raising."}
{"test_id": "5-1", "negation_type": "non_verbal", "semantic_type": "analytic", "syntactic_scope": "subclausal", "isDistractor": true, "label": true, "sentence": "No lift is commonly used for scratching."}
{"test_id": "5-2", "negation_type": "non_verbal", "semantic_type": "analytic", "syntactic_scope": "subclausal", "isDistractor": false, "label": false, "sentence": "No lift is commonly needed for raising."}
{"test_id": "5-2", "negation_type": "non_verbal", "semantic_type": "analytic", "syntactic_scope": "subclausal", "isDistractor": true, "label": true, "sentence": "No lift is commonly needed for scratching."}
{"test_id": "5-3", "negation_type": "non_verbal", "semantic_type": "analytic", "syntactic_scope": "subclausal", "isDistractor": false, "label": false, "sentence": "No lift may be used for raising."}
{"test_id": "5-3", "negation_type": "non_verbal", "semantic_type": "analytic", "syntactic_scope": "subclausal", "isDistractor": true, "label": true, "sentence": "No lift may be used for scratching."}
{"test_id": "5-4", "negation_type": "non_verbal", "semantic_type": "analytic", "syntactic_scope": "subclausal", "isDistractor": false, "label": false, "sentence": "No lift may be needed for raising."}
{"test_id": "5-4", "negation_type": "non_verbal", "semantic_type": "analytic", "syntactic_scope": "subclausal", "isDistractor": true, "label": true, "sentence": "No lift may be needed for scratching."}
{"test_id": "6-1", "negation_type": "non_verbal", "semantic_type": "analytic", "syntactic_scope": "subclausal", "isDistractor": false, "label": false, "sentence": "Not a single lift is commonly used for raising."}
{"test_id": "6-1", "negation_type": "non_verbal", "semantic_type": "analytic", "syntactic_scope": "subclausal", "isDistractor": true, "label": true, "sentence": "Not a single lift is commonly used for scratching."}
{"test_id": "6-2", "negation_type": "non_verbal", "semantic_type": "analytic", "syntactic_scope": "subclausal", "isDistractor": false, "label": false, "sentence": "Not a single lift is commonly needed for raising."}
{"test_id": "6-2", "negation_type": "non_verbal", "semantic_type": "analytic", "syntactic_scope": "subclausal", "isDistractor": true, "label": true, "sentence": "Not a single lift is commonly needed for scratching."}
{"test_id": "6-3", "negation_type": "non_verbal", "semantic_type": "analytic", "syntactic_scope": "subclausal", "isDistractor": false, "label": false, "sentence": "Not a single lift may be used for raising."}
{"test_id": "6-3", "negation_type": "non_verbal", "semantic_type": "analytic", "syntactic_scope": "subclausal", "isDistractor": true, "label": true, "sentence": "Not a single lift may be used for scratching."}
{"test_id": "6-4", "negation_type": "non_verbal", "semantic_type": "analytic", "syntactic_scope": "subclausal", "isDistractor": false, "label": false, "sentence": "Not a single lift may be needed for raising."}
{"test_id": "6-4", "negation_type": "non_verbal", "semantic_type": "analytic", "syntactic_scope": "subclausal", "isDistractor": true, "label": true, "sentence": "Not a single lift may be needed for scratching."}
{"test_id": "7-1", "negation_type": "non_verbal", "semantic_type": "analytic", "syntactic_scope": "subclausal", "isDistractor": false, "label": false, "sentence": "In no context a lift is used for raising."}
{"test_id": "7-1", "negation_type": "non_verbal", "semantic_type": "analytic", "syntactic_scope": "subclausal", "isDistractor": true, "label": true, "sentence": "In no context a lift is used for scratching."}
{"test_id": "7-2", "negation_type": "non_verbal", "semantic_type": "analytic", "syntactic_scope": "subclausal", "isDistractor": false, "label": false, "sentence": "In no context a lift is needed for raising."}
{"test_id": "7-2", "negation_type": "non_verbal", "semantic_type": "analytic", "syntactic_scope": "subclausal", "isDistractor": true, "label": true, "sentence": "In no context a lift is needed for scratching."}
{"test_id": "7-3", "negation_type": "non_verbal", "semantic_type": "analytic", "syntactic_scope": "subclausal", "isDistractor": false, "label": false, "sentence": "In no context a lift should be used for raising."}
{"test_id": "7-3", "negation_type": "non_verbal", "semantic_type": "analytic", "syntactic_scope": "subclausal", "isDistractor": true, "label": true, "sentence": "In no context a lift should be used for scratching."}
{"test_id": "7-4", "negation_type": "non_verbal", "semantic_type": "analytic", "syntactic_scope": "subclausal", "isDistractor": false, "label": false, "sentence": "In no context a lift should be needed for raising."}
{"test_id": "7-4", "negation_type": "non_verbal", "semantic_type": "analytic", "syntactic_scope": "subclausal", "isDistractor": true, "label": true, "sentence": "In no context a lift should be needed for scratching."}
{"test_id": "1-1", "negation_type": "affirmation", "semantic_type": "none", "syntactic_scope": "none", "isDistractor": false, "label": true, "sentence": "A telephone is commonly used for calling."}
{"test_id": "1-1", "negation_type": "affirmation", "semantic_type": "none", "syntactic_scope": "none", "isDistractor": true, "label": false, "sentence": "A telephone is commonly used for rubbing."}
{"test_id": "1-2", "negation_type": "affirmation", "semantic_type": "none", "syntactic_scope": "none", "isDistractor": false, "label": true, "sentence": "A telephone is commonly needed for calling."}
{"test_id": "1-2", "negation_type": "affirmation", "semantic_type": "none", "syntactic_scope": "none", "isDistractor": true, "label": false, "sentence": "A telephone is commonly needed for rubbing."}
{"test_id": "1-3", "negation_type": "affirmation", "semantic_type": "none", "syntactic_scope": "none", "isDistractor": false, "label": true, "sentence": "A telephone may be used for calling."}
{"test_id": "1-3", "negation_type": "affirmation", "semantic_type": "none", "syntactic_scope": "none", "isDistractor": true, "label": false, "sentence": "A telephone may be used for rubbing."}
{"test_id": "1-4", "negation_type": "affirmation", "semantic_type": "none", "syntactic_scope": "none", "isDistractor": false, "label": true, "sentence": "A telephone may be needed for calling."}
{"test_id": "1-4", "negation_type": "affirmation", "semantic_type": "none", "syntactic_scope": "none", "isDistractor": true, "label": false, "sentence": "A telephone may be needed for rubbing."}
{"test_id": "2-1", "negation_type": "verbal", "semantic_type": "analytic", "syntactic_scope": "clausal", "isDistractor": false, "label": false, "sentence": "A telephone is not commonly used for calling in any context."}
{"test_id": "2-1", "negation_type": "verbal", "semantic_type": "analytic", "syntactic_scope": "clausal", "isDistractor": true, "label": true, "sentence": "A telephone is not commonly used for rubbing in any context."}
{"test_id": "2-2", "negation_type": "verbal", "semantic_type": "analytic", "syntactic_scope": "clausal", "isDistractor": false, "label": false, "sentence": "A telephone is not commonly needed for calling in any context."}
{"test_id": "2-2", "negation_type": "verbal", "semantic_type": "analytic", "syntactic_scope": "clausal", "isDistractor": true, "label": true, "sentence": "A telephone is not commonly needed for rubbing in any context."}
{"test_id": "2-3", "negation_type": "verbal", "semantic_type": "analytic", "syntactic_scope": "clausal", "isDistractor": false, "label": false, "sentence": "A telephone may not be used for calling in any context."}
{"test_id": "2-3", "negation_type": "verbal", "semantic_type": "analytic", "syntactic_scope": "clausal", "isDistractor": true, "label": true, "sentence": "A telephone may not be used for rubbing in any context."}
{"test_id": "2-4", "negation_type": "verbal", "semantic_type": "analytic", "syntactic_scope": "clausal", "isDistractor": false, "label": false, "sentence": "A telephone may not be needed for calling in any context."}
{"test_id": "2-4", "negation_type": "verbal", "semantic_type": "analytic", "syntactic_scope": "clausal", "isDistractor": true, "label": true, "sentence": "A telephone may not be needed for rubbing in any context."}
{"test_id": "3-1", "negation_type": "non_verbal", "semantic_type": "analytic", "syntactic_scope": "subclausal", "isDistractor": false, "label": false, "sentence": "A telephone is used for calling in no context."}
{"test_id": "3-1", "negation_type": "non_verbal", "semantic_type": "analytic", "syntactic_scope": "subclausal", "isDistractor": true, "label": true, "sentence": "A telephone is used for rubbing in no context."}
{"test_id": "3-2", "negation_type": "non_verbal", "semantic_type": "analytic", "syntactic_scope": "subclausal", "isDistractor": false, "label": false, "sentence": "A telephone is needed for calling in no context."}
{"test_id": "3-2", "negation_type": "non_verbal", "semantic_type": "analytic", "syntactic_scope": "subclausal", "isDistractor": true, "label": true, "sentence": "A telephone is needed for rubbing in no context."}
{"test_id": "3-3", "negation_type": "non_verbal", "semantic_type": "analytic", "syntactic_scope": "subclausal", "isDistractor": false, "label": false, "sentence": "A telephone may be used for calling in no context."}
{"test_id": "3-3", "negation_type": "non_verbal", "semantic_type": "analytic", "syntactic_scope": "subclausal", "isDistractor": true, "label": true, "sentence": "A telephone may be used for rubbing in no context."}
{"test_id": "3-4", "negation_type": "non_verbal", "semantic_type": "analytic", "syntactic_scope": "subclausal", "isDistractor": false, "label": false, "sentence": "A telephone may be needed for calling in no context."}
{"test_id": "3-4", "negation_type": "non_verbal", "semantic_type": "analytic", "syntactic_scope": "subclausal", "isDistractor": true, "label": true, "sentence": "A telephone may be needed for rubbing in no context."}
{"test_id": "4-1", "negation_type": "non_verbal", "semantic_type": "synthetic", "syntactic_scope": "subclausal", "isDistractor": false, "label": false, "sentence": "A telephone should never be used for calling."}
{"test_id": "4-1", "negation_type": "non_verbal", "semantic_type": "synthetic", "syntactic_scope": "subclausal", "isDistractor": true, "label": true, "sentence": "A telephone should never be used for rubbing."}
{"test_id": "4-2", "negation_type": "non_verbal", "semantic_type": "synthetic", "syntactic_scope": "subclausal", "isDistractor": false, "label": false, "sentence": "A telephone should never be needed for calling."}
{"test_id": "4-2", "negation_type": "non_verbal", "semantic_type": "synthetic", "syntactic_scope": "subclausal", "isDistractor": true, "label": true, "sentence": "A telephone should never be needed for rubbing."}
{"test_id": "5-1", "negation_type": "non_verbal", "semantic_type": "analytic", "syntactic_scope": "subclausal", "isDistractor": false, "label": false, "sentence": "No telephone is commonly used for calling."}
{"test_id": "5-1", "negation_type": "non_verbal", "semantic_type": "analytic", "syntactic_scope": "subclausal", "isDistractor": true, "label": true, "sentence": "No telephone is commonly used for rubbing."}
{"test_id": "5-2", "negation_type": "non_verbal", "semantic_type": "analytic", "syntactic_scope": "subclausal", "isDistractor": false, "label": false, "sentence": "No telephone is commonly needed for calling."}
{"test_id": "5-2", "negation_type": "non_verbal", "semantic_type": "analytic", "syntactic_scope": "subclausal", "isDistractor": true, "label": true, "sentence": "No telephone is commonly needed for rubbing."}
{"test_id": "5-3", "negation_type": "non_verbal", "semantic_type": "analytic", "syntactic_scope": "subclausal", "isDistractor": false, "label": false, "sentence": "No telephone may be used for calling."}
{"test_id": "5-3", "negation_type": "non_verbal", "semantic_type": "analytic", "syntactic_scope": "subclausal", "isDistractor": true, "label": true, "sentence": "No telephone may be used for rubbing."}
{"test_id": "5-4", "negation_type": "non_verbal", "semantic_type": "analytic", "syntactic_scope": "subclausal", "isDistractor": false, "label": false, "sentence": "No telephone may be needed for calling."}
{"test_id": "5-4", "negation_type": "non_verbal", "semantic_type": "analytic", "syntactic_scope": "subclausal", "isDistractor": true, "label": true, "sentence": "No telephone may be needed for rubbing."}
{"test_id": "6-1", "negation_type": "non_verbal", "semantic_type": "analytic", "syntactic_scope": "subclausal", "isDistractor": false, "label": false, "sentence": "Not a single telephone is commonly used for calling."}
{"test_id": "6-1", "negation_type": "non_verbal", "semantic_type": "analytic", "syntactic_scope": "subclausal", "isDistractor": true, "label": true, "sentence": "Not a single telephone is commonly used for rubbing."}
{"test_id": "6-2", "negation_type": "non_verbal", "semantic_type": "analytic", "syntactic_scope": "subclausal", "isDistractor": false, "label": false, "sentence": "Not a single telephone is commonly needed for calling."}
{"test_id": "6-2", "negation_type": "non_verbal", "semantic_type": "analytic", "syntactic_scope": "subclausal", "isDistractor": true, "label": true, "sentence": "Not a single telephone is commonly needed for rubbing."}
{"test_id": "6-3", "negation_type": "non_verbal", "semantic_type": "analytic", "syntactic_scope": "subclausal", "isDistractor": false, "label": false, "sentence": "Not a single telephone may be used for calling."}
{"test_id": "6-3", "negation_type": "non_verbal", "semantic_type": "analytic", "syntactic_scope": "subclausal", "isDistractor": true, "label": true, "sentence": "Not a single telephone may be used for rubbing."}
{"test_id": "6-4", "negation_type": "non_verbal", "semantic_type": "analytic", "syntactic_scope": "subclausal", "isDistractor": false, "label": false, "sentence": "Not a single telephone may be needed for calling."}
{"test_id": "6-4", "negation_type": "non_verbal", "semantic_type": "analytic", "syntactic_scope": "subclausal", "isDistractor": true, "label": true, "sentence": "Not a single telephone may be needed for rubbing."}
{"test_id": "7-1", "negation_type": "non_verbal", "semantic_type": "analytic", "syntactic_scope": "subclausal", "isDistractor": false, "label": false, "sentence": "In no context a telephone is used for calling."}
{"test_id": "7-1", "negation_type": "non_verbal", "semantic_type": "analytic", "syntactic_scope": "subclausal", "isDistractor": true, "label": true, "sentence": "In no context a telephone is used for rubbing."}
{"test_id": "7-2", "negation_type": "non_verbal", "semantic_type": "analytic", "syntactic_scope": "subclausal", "isDistractor": false, "label": false, "sentence": "In no context a telephone is needed for calling."}
{"test_id": "7-2", "negation_type": "non_verbal", "semantic_type": "analytic", "syntactic_scope": "subclausal", "isDistractor": true, "label": true, "sentence": "In no context a telephone is needed for rubbing."}
{"test_id": "7-3", "negation_type": "non_verbal", "semantic_type": "analytic", "syntactic_scope": "subclausal", "isDistractor": false, "label": false, "sentence": "In no context a telephone should be used for calling."}
{"test_id": "7-3", "negation_type": "non_verbal", "semantic_type": "analytic", "syntactic_scope": "subclausal", "isDistractor": true, "label": true, "sentence": "In no context a telephone should be used for rubbing."}
{"test_id": "7-4", "negation_type": "non_verbal", "semantic_type": "analytic", "syntactic_scope": "subclausal", "isDistractor": false, "label": false, "sentence": "In no context a telephone should be needed for calling."}
{"test_id": "7-4", "negation_type": "non_verbal", "semantic_type": "analytic", "syntactic_scope": "subclausal", "isDistractor": true, "label": true, "sentence": "In no context a telephone should be needed for rubbing."}
